Scenario,mean_center_RMSE_mV,capacity_RMSE_pct,mean_capacity_error_mAh,mean_abs_capacity_error_mAh,max_abs_capacity_error_mAh,Ln_um,Lp_um,Rn_um,Rp_um,negative_inventory_ratio,positive_inventory_ratio,Dsn_m2_s,Dsp_m2_s
Current baseline,15.15714821848357,3.275180645489435,-51.24256855634372,51.24256855634372,79.28560185170875,76.5,68.0,5.0,3.0,1.0,1.0,2.1e-14,4.4e-14
Nominal thickness + SEM Rn only,17.704317030272033,4.839419991865244,-78.40727385635131,78.40727385635131,123.03959164602651,76.5,68.0,6.0,3.0,1.0,1.0,2.1e-14,4.4e-14
Nominal thickness + SEM Rp only,26.974149680930125,6.5258001693931655,-90.09072562886722,90.09072562886723,184.07992064009005,76.5,68.0,5.0,5.0,1.0,1.0,2.1e-14,4.4e-14
Nominal thickness + SEM radii,34.91221135353744,8.20113534120047,-118.51887531615775,118.51887531615778,233.20366860561293,76.5,68.0,6.0,5.0,1.0,1.0,2.1e-14,4.4e-14
Nominal thickness + SEM radii tau-preserved,31.292523752185957,7.115568303228682,-97.09451081380507,97.09451081380507,201.9894889038676,76.5,68.0,6.0,5.0,1.0,1.0,3.0240000000000005e-14,1.222222222222222e-13
SEM thickness raw,17.999443923821776,6.3660044119906,-94.33657604203853,94.33657604203853,194.7597229156246,81.52,62.965,5.0,3.0,1.0656209150326796,0.9259558823529412,2.1e-14,4.4e-14
SEM thickness + radii raw,42.89613075907662,10.909095329620548,-156.6483572819796,156.6483572819796,282.0209474420083,81.52,62.965,6.0,5.0,1.0656209150326796,0.9259558823529412,2.1e-14,4.4e-14
SEM thickness + radii raw tau-preserved,39.130006725601724,9.945921683390743,-138.32267716863376,138.32267716863382,251.0601010992073,81.52,62.965,6.0,5.0,1.0656209150326796,0.9259558823529412,3.0240000000000005e-14,1.222222222222222e-13
SEM thickness Q-preserved,15.772829097553313,3.7344175107662565,-56.578889481445884,56.578889481445884,96.35433547328675,81.52,62.965,5.0,3.0,1.0,1.0,2.1e-14,4.4e-14
SEM thickness + radii Q-preserved,36.67393700787368,8.63990578583147,-123.3830665036412,123.3830665036412,248.50703680249265,81.52,62.965,6.0,5.0,1.0,1.0,2.1e-14,4.4e-14
SEM thickness + radii Q-preserved tau-preserved,33.02620977167236,7.567335700666377,-102.36061588263522,102.36061588263522,217.60825646382352,81.52,62.965,6.0,5.0,1.0,1.0,3.0240000000000005e-14,1.222222222222222e-13
