Candidate,x0,x100,y100,y0,hysteresis_scale,qOCV_MAE_2_98_mV,qOCV_RMSE_2_98_mV,qOCV_SOC0_error_mV,qOCV_SOC100_error_mV,qOCV_max_endpoint_abs_mV,C20_charge_MAE_2_98_mV,C20_discharge_MAE_2_98_mV,C20_branch_mean_MAE_2_98_mV,measured_C20_hysteresis_MAE_2_98_mV,predicted_C20_hysteresis_MAE_2_98_mV,x0_distance_to_bound,y100_distance_to_bound,inside_halfcell_coverage,scale,Dynamic_MAE_SOC10_70_mV,Mean_abs_capacity_error_Ah,Max_abs_capacity_error_Ah,Charge_MAE_SOC10_70_mV,Charge_mean_capacity_error_Ah,Discharge_MAE_SOC10_70_mV,Discharge_mean_capacity_error_Ah,admissible,pareto_optimal
Common scale 0.35,0.0014045163063722,0.7736233049071565,0.4507120950658858,0.9590036043934695,0.35,12.311082086615512,14.563984043367961,-10.000000000004228,-10.000000000000675,10.000000000004228,12.43751735965739,15.921096790974529,14.17930707531596,42.17203222494368,36.955722193553584,0.0014045163063722,0.03237774137445143,True,0.35,44.35997825118863,0.024842252586803407,0.04086177736660545,27.360507075607774,-0.013590668979942091,61.35944942676949,0.025757534698102946,True,True
Common scale 0.40,0.0014045163063722,0.7736233049071565,0.4507120950658858,0.9590036043934695,0.4,12.311082086615512,14.563984043367961,-10.000000000004228,-10.000000000000675,10.000000000004228,13.789940927170399,14.434752457471369,14.112346692320884,42.17203222494368,42.235111078346975,0.0014045163063722,0.03237774137445143,True,0.4,41.880267979267266,0.025296260892805993,0.04646162203383949,25.02629381308169,-0.020927915487549405,58.73424214545284,0.02536079260753479,True,True
Common scale 0.45,0.0014045163063722,0.7736233049071565,0.4507120950658858,0.9590036043934695,0.45,12.311082086615512,14.563984043367961,-10.000000000004228,-10.000000000000675,10.000000000004228,15.547967582116279,13.42404200107381,14.486004791595043,42.17203222494368,47.51449996314035,0.0014045163063722,0.03237774137445143,True,0.45,39.556123610299245,0.02670347840331351,0.05288176321375049,23.002763644037472,-0.028449102755673018,56.109483576561026,0.024957854050953993,True,True
Common scale 0.50,0.0014045163063722,0.7736233049071565,0.4507120950658858,0.9590036043934695,0.5,12.311082086615512,14.563984043367961,-10.000000000004228,-10.000000000000675,10.000000000004228,17.906219568278182,12.510961613283325,15.208590590780753,42.17203222494368,52.793888847933715,0.0014045163063722,0.03237774137445143,True,0.5,37.169288672405834,0.030364618500535453,0.06013123981132595,20.856971370829253,-0.03617630613091693,53.48160597398242,0.02455293087015398,True,True
Common scale 0.55,0.0014045163063722,0.7736233049071565,0.4507120950658858,0.9590036043934695,0.55,12.311082086615512,14.563984043367961,-10.000000000004228,-10.000000000000675,10.000000000004228,20.360715115264963,11.664290686387444,16.012502900826203,42.17203222494368,58.073277732727135,0.0014045163063722,0.03237774137445143,True,0.55,34.94984951586138,0.034023432778466714,0.06765314111260609,19.047539836076115,-0.04390238107869893,50.85215919564664,0.024144484478234505,True,True
Common scale 0.60,0.0014045163063722,0.7736233049071565,0.4507120950658858,0.9590036043934695,0.6,12.311082086615512,14.563984043367961,-10.000000000004228,-10.000000000000675,10.000000000004228,22.90599295451046,10.87646869108444,16.89123082279745,42.17203222494368,63.35266661752045,0.0014045163063722,0.03237774137445143,True,0.6,32.68045020538693,0.03765079780056576,0.07533867785464314,17.139539038033316,-0.051569067157635325,48.221361372740546,0.02373252844349619,True,True
Common scale 0.65,0.0014045163063722,0.7736233049071565,0.4507120950658858,0.9590036043934695,0.65,12.311082086615512,14.563984043367961,-10.000000000004228,-10.000000000000675,10.000000000004228,25.530185270275908,10.198709165413629,17.86444721784477,42.17203222494368,68.63205550231382,0.0014045163063722,0.03237774137445143,True,0.65,30.50130884422677,0.041240878361400744,0.08311012009492566,15.414926257983632,-0.05916351680777613,45.58769143046991,0.02331823991502535,True,True
Common scale 0.70,0.0014045163063722,0.7736233049071565,0.4507120950658858,0.9590036043934695,0.7,12.311082086615512,14.563984043367961,-10.000000000004228,-10.000000000000675,10.000000000004228,28.16987971267258,10.184448335689163,19.177164024180872,42.17203222494368,73.9114443871072,0.0014045163063722,0.03237774137445143,True,0.7,28.381319038641767,0.04478344298484676,0.09098271015002687,13.810540564421425,-0.06666663399136928,42.9520975128621,0.022900251978324238,True,True
Common scale 0.80,0.0014045163063722,0.7736233049071565,0.4507120950658858,0.9590036043934695,0.8,12.311082086615512,14.563984043367961,-10.000000000004228,-10.000000000000675,10.000000000004228,33.449268597465974,13.180164776143625,23.3147166868048,42.17203222494368,84.47022215669396,0.0014045163063722,0.03237774137445143,True,0.8,24.405490286435366,0.051689866434141855,0.10688179891342188,11.077845097792334,-0.08132384460819665,37.733135475078406,0.02205588826008705,False,True
Common scale 1.00,0.0014045163063722,0.7736233049071565,0.4507120950658858,0.9590036043934695,1.0,12.311082086615512,14.563984043367961,-10.000000000004228,-10.000000000000675,10.000000000004228,44.0080463670527,21.48452162852391,32.746283997788304,42.17203222494368,105.58777769586742,0.0014045163063722,0.03237774137445143,True,1.0,18.842039818658645,0.06859958372594199,0.1394758430216546,9.242215303939174,-0.11688539575519753,28.441864333378117,0.020313771696686456,False,True
