Dataset,C_rate,Direction,Parameter,RMS_mV_per_log_effect,MaxAbs_mV_per_log_effect
C-rate,0.5,Charge,kn,36.34121041415023,42.275665312217924
C-rate,0.5,Discharge,kn,33.464723283935946,41.16951830991419
C-rate,1.0,Charge,kn,46.54807649324009,48.62198695299215
C-rate,1.0,Discharge,kn,43.18163179882329,46.2614396917484
C-rate,2.0,Charge,kn,50.42887960896895,50.7445816235355
C-rate,2.0,Discharge,kn,47.2986114750221,48.72245045501263
HPPC,,rest_pre_end,kn,0.5944142949781671,1.4248267680391962
HPPC,,dchg_end,kn,45.89609364412804,50.67163833758998
HPPC,,rest_30s,kn,0.688718018049527,1.2627186150361518
HPPC,,rest_end,kn,0.677250718432376,1.308688085953772
HPPC,,chg_end,kn,42.95978531925952,47.20911667988454
C-rate,0.5,Charge,kp,32.925158341420506,40.04330695137012
C-rate,0.5,Discharge,kp,34.961783325920074,41.16014375094587
C-rate,1.0,Charge,kp,43.3144620990538,47.27541874487896
C-rate,1.0,Discharge,kp,45.72842124425013,48.3456326689861
C-rate,2.0,Charge,kp,48.78826286036216,50.0418370097906
C-rate,2.0,Discharge,kp,50.20092187538104,50.76381056992956
HPPC,,rest_pre_end,kp,0.010365939419803372,0.019356106724478222
HPPC,,dchg_end,kp,45.00138844020037,49.25830741640457
HPPC,,rest_30s,kp,0.020584617210380733,0.040724658357093484
HPPC,,rest_end,kp,0.016940386597877992,0.02970083869395576
HPPC,,chg_end,kp,40.29443823153784,46.8947408429271
C-rate,0.5,Charge,Dsn,2.2168610677211325,5.164209290255982
C-rate,0.5,Discharge,Dsn,2.855891585935233,6.967582505783855
C-rate,1.0,Charge,Dsn,4.07005796623074,8.641696189812142
C-rate,1.0,Discharge,Dsn,6.021016088915116,17.487193288023427
C-rate,2.0,Charge,Dsn,8.02002408758425,13.235145786196595
C-rate,2.0,Discharge,Dsn,12.14698335315986,32.36293035316423
HPPC,,rest_pre_end,Dsn,0.07522261737344552,0.17463488171032487
HPPC,,dchg_end,Dsn,11.643849939833277,36.1489420519892
HPPC,,rest_30s,Dsn,4.782320193367281,14.934034670404971
HPPC,,rest_end,Dsn,4.138469396271568,12.92823397479468
HPPC,,chg_end,Dsn,0.12723045129986432,0.26537367587528354
C-rate,0.5,Charge,Dsp,0.49970661979143033,1.0212607544103995
C-rate,0.5,Discharge,Dsp,0.561907691273197,1.0937869334539219
C-rate,1.0,Charge,Dsp,0.962183850626478,2.0198623717327258
C-rate,1.0,Discharge,Dsp,1.1482209153496852,2.1848412150375576
C-rate,2.0,Charge,Dsp,1.0269478511277068,2.1568198074103035
C-rate,2.0,Discharge,Dsp,2.2975514848762617,4.249080153376201
HPPC,,rest_pre_end,Dsp,0.0024330550893073184,0.007446952326142297
HPPC,,dchg_end,Dsp,1.8976105064210755,3.2549258359567883
HPPC,,rest_30s,Dsp,0.19934822881204448,0.35525475120318956
HPPC,,rest_end,Dsp,0.09396776200453058,0.16795680290329595
HPPC,,chg_end,Dsp,0.82598430176343,1.5218556139813015
C-rate,0.5,Charge,brugg_n,17.261369271633185,21.193969764906786
C-rate,0.5,Discharge,brugg_n,21.865253536538866,28.47376946597839
C-rate,1.0,Charge,brugg_n,32.9758363161237,37.47114311429783
C-rate,1.0,Discharge,brugg_n,50.625424862221855,76.26460097306787
C-rate,2.0,Charge,brugg_n,58.57151982300466,77.2620625179895
C-rate,2.0,Discharge,brugg_n,149.98426450800744,267.84415306773667
HPPC,,rest_pre_end,brugg_n,1.9647801061792605,4.726640715949859
HPPC,,dchg_end,brugg_n,15.885938642649096,21.68285655237803
HPPC,,rest_30s,brugg_n,6.455479000407122,10.476532784601154
HPPC,,rest_end,brugg_n,6.418346760507108,10.400157651411577
HPPC,,chg_end,brugg_n,3.8170340547645103,6.077585142293171
C-rate,0.5,Charge,brugg_p,5.0582334738332015,5.351245981443335
C-rate,0.5,Discharge,brugg_p,5.177608346731518,5.993032627888186
C-rate,1.0,Charge,brugg_p,10.703328020966353,11.639174413870132
C-rate,1.0,Discharge,brugg_p,10.79617739398255,13.669967621421911
C-rate,2.0,Charge,brugg_p,23.66692428122589,28.5068537009181
C-rate,2.0,Discharge,brugg_p,25.196249624622634,39.20233773146071
HPPC,,rest_pre_end,brugg_p,0.16844807195848074,0.5235211800442595
HPPC,,dchg_end,brugg_p,6.406032982246081,7.745634490049065
HPPC,,rest_30s,brugg_p,1.6151238664021894,2.1348554766821684
HPPC,,rest_end,brugg_p,1.3392400923144794,1.8404181006565772
HPPC,,chg_end,brugg_p,1.9495224721425364,2.1253135459689485
C-rate,0.5,Charge,brugg_s,2.4595542870072227,2.492694009611528
C-rate,0.5,Discharge,brugg_s,2.5041366321142187,2.550864503163727
C-rate,1.0,Charge,brugg_s,5.108376904009208,5.353073538759443
C-rate,1.0,Discharge,brugg_s,5.299299438206936,5.602825633139974
C-rate,2.0,Charge,brugg_s,11.180424598435517,11.490847418994505
C-rate,2.0,Discharge,brugg_s,12.783702241995734,15.790616908839539
HPPC,,rest_pre_end,brugg_s,0.007066155909803066,0.017999423445486322
HPPC,,dchg_end,brugg_s,3.3112277930452967,3.341851203411632
HPPC,,rest_30s,brugg_s,0.6951299439281035,0.7109995184307885
HPPC,,rest_end,brugg_s,0.5928844917743532,0.6101218083570881
HPPC,,chg_end,brugg_s,1.373619618545471,1.3948442237864946
