Candidate,Rn_um,Dynamic_MAE_SOC10_70_mV,Charge_MAE_SOC10_70_mV,Discharge_MAE_SOC10_70_mV,Mean_abs_capacity_error_mAh,Max_abs_capacity_error_mAh,Failed_runs,qOCV_MAE_2_98_mV,qOCV_RMSE_2_98_mV,qOCV_max_endpoint_abs_mV,tau_n_s,relative_negative_surface_area_vs_Rn3
"Ai2020 nominal anode, mass-independent fit",2.0,134.8504049232732,126.93962749198825,142.7611823545581,171.27045679930742,516.1721054134317,0,4.6402528317129175,5.589609657723681,2.0115511432896582,190.47619047619048,1.5
"Ai2020 nominal anode, mass-independent fit",3.0,121.87907510237322,113.81159665595027,129.94655354879615,148.24608675421362,468.2762058815548,0,4.6402528317129175,5.589609657723681,2.0115511432896582,428.57142857142867,1.0
"Ai2020 nominal anode, mass-independent fit",4.0,110.37348315171069,102.42226649218696,118.32469981123442,125.92620448899686,430.4424764215827,0,4.6402528317129175,5.589609657723681,2.0115511432896582,761.9047619047619,0.75
"Ai2020 nominal anode, published stoichiometry window",2.0,137.5937679664021,133.85696709995588,141.33056883284834,195.7593793903271,558.6684926047662,0,5.997507871862802,7.419211667110765,151.63449929832407,190.47619047619048,1.5
"Ai2020 nominal anode, published stoichiometry window",3.0,125.18200069630807,121.29197211464987,129.07202927796627,173.3521199137839,510.99837956429997,0,5.997507871862802,7.419211667110765,151.63449929832407,428.57142857142867,1.0
"Ai2020 nominal anode, published stoichiometry window",4.0,114.10648442010688,110.33605809001564,117.87691075019814,151.30904961281465,473.08075862937176,0,5.997507871862802,7.419211667110765,151.63449929832407,761.9047619047619,0.75
Ai2020 nominal equilibrium + harvested hysteresis,2.0,112.73934886835343,104.9306370958875,120.54806064081937,140.71124793105568,453.40722324317466,0,4.6402528317129175,5.589609657723681,2.0115511432896582,190.47619047619048,1.5
Ai2020 nominal equilibrium + harvested hysteresis,3.0,99.78129770450113,91.69845270553584,107.86414270346641,117.28671681707164,404.4884109571145,0,4.6402528317129175,5.589609657723681,2.0115511432896582,428.57142857142867,1.0
Ai2020 nominal equilibrium + harvested hysteresis,4.0,88.28139928437014,80.19138806818296,96.37141050055732,95.62426911134453,364.98748941681276,0,4.6402528317129175,5.589609657723681,2.0115511432896582,761.9047619047619,0.75
"Measured anode, mass-independent fit",2.0,119.83821885329291,103.72698441183839,135.94945329474746,156.47219269611054,496.98675442633777,0,6.15413256502266,8.2940754214992,2.9830806349897543,190.47619047619048,1.5
"Measured anode, mass-independent fit",3.0,108.1497279425144,91.80656934518811,124.4928865398407,136.72342170527438,453.3321917298544,0,6.15413256502266,8.2940754214992,2.9830806349897543,428.57142857142867,1.0
"Measured anode, mass-independent fit",4.0,97.49903328570298,81.19362833806247,113.80443823334349,116.32512953917042,415.56171024305604,0,6.15413256502266,8.2940754214992,2.9830806349897543,761.9047619047619,0.75
Previous measured-anode ±5% control,2.0,118.44247214839385,99.89000426682531,136.9949400299624,154.0305692415926,489.19810062745404,0,7.127563628551003,9.362275358575662,3.798356500656297,190.47619047619048,1.5
Previous measured-anode ±5% control,3.0,106.50179617445907,87.7058410015559,125.29775134736224,133.59830968744504,443.77013519932547,0,7.127563628551003,9.362275358575662,3.798356500656297,428.57142857142867,1.0
Previous measured-anode ±5% control,4.0,95.68096580353752,76.90582097920644,114.45611062786861,112.7264078725372,404.6621398079354,0,7.127563628551003,9.362275358575662,3.798356500656297,761.9047619047619,0.75
