kn,Valid,Error,Voltage_MSE_V2,Voltage_RMSE_mV,Voltage_MAE_mV,Voltage_abs_bias_mV,Capacity_RMSE_pct,Capacity_MAE_pct,Capacity_MAE_mAh,Capacity_MaxAbs_mAh,Pareto,norm_Voltage_MSE_V2,norm_Capacity_RMSE_pct,Utopia_distance
1.7060606060606057e-06,True,,0.0005190173324173141,22.78195190095252,20.4757277463095,19.01820960775241,2.5520321056200683,2.4002239702407935,46.12422404863895,77.75542239149358,True,1.0,0.0,1.0
1.7019013349242355e-06,True,,0.0005159285411608291,22.71406042874829,20.410362260514265,18.934662475545487,2.552066562832246,2.39768177900373,46.116418940126785,77.88404293054718,True,0.9904894089671384,2.033141366041168e-05,0.9904894091758062
1.6666666666666665e-06,True,,0.0004899698474131962,22.1352625331889,19.854542952211492,18.21565304937907,2.5557637092233283,2.3751273541523577,46.039446567335204,78.97354035535199,True,0.9105608869400525,0.002201825733409825,0.9105635490516933
1.6272727272727272e-06,True,,0.00046139012321230554,21.479993557082498,19.228753779782842,17.38528332508325,2.5696529845878295,2.3497919706498998,45.96390984704354,80.24742942370855,True,0.8225620400979528,0.010397166709406686,0.8226277474567031
1.5878787878787877e-06,True,,0.00043339321576314516,20.81809827441366,18.599879730937953,16.526541808633905,2.594211435606353,2.323863328758357,45.8910023445848,81.5721908445548,True,0.7363577242916323,0.024887834844154477,0.7367781908058771
1.5484848484848482e-06,True,,0.00040607234149506334,20.15123672371161,17.966880131232607,15.63740067298284,2.6301411193511672,2.296973918628307,45.81601898440923,82.95175757809092,True,0.6522349590259591,0.04608807760131575,0.6538612640863346
1.509090909090909e-06,True,,0.00037954653324474575,19.4819540407205,17.33149480547024,14.716186110924953,2.6786559190730577,2.269346138997185,45.74474970179199,84.40390872923543,True,0.5705602542186303,0.07471414452481269,0.5754313226494563
1.4770243666726012e-06,True,,0.0003586283523232231,18.93748537486493,16.81270056357005,13.941252626365952,2.7276096907228173,2.2457267934020075,45.67987560499402,85.62804436442705,True,0.506151802052005,0.10359922601410718,0.516645377750749
1.4696969696969696e-06,True,,0.0003539472764934344,18.81348655867472,16.69450709907623,13.761019971269747,2.740003186360842,2.240158787226348,45.66363465509553,85.9136120034063,True,0.4917384622973479,0.1109119849574381,0.5040914437974119
1.4303030303030301e-06,True,,0.0003294176384670722,18.149866072978945,16.062657268254263,12.76960555979268,2.8158877010478833,2.289366460468647,46.746883857175845,87.5173138657157,True,0.4162100966419953,0.1556875010543988,0.4443753396975383
1.3909090909090906e-06,True,,0.0003061391181628025,17.49683166069796,15.437019819606057,11.739909818300498,2.906429697427937,2.4611842724988713,49.640804075290994,89.19878795200198,True,0.3445340045787168,0.20911163683606115,0.40302773722326357
1.3515151515151514e-06,True,,0.00028429306247341763,16.860992333591096,14.8212020503262,10.66971996614579,3.011709302187135,2.6399529973669815,52.65426482014106,90.96527836681511,True,0.27726856509437575,0.27123167090385675,0.3878717268515354
1.312121212121212e-06,True,,0.00026409642735579774,16.251043885110818,14.222927309470208,9.55616183179012,3.1471595640676973,2.867988242222586,56.40892321997552,92.828995067062,True,0.2150817998216085,0.35115384483068485,0.4117878135082134
1.2818610191887025e-06,True,,0.00024986137092703023,15.80700385674117,13.775843559784398,8.669662862183962,3.267270887714683,3.033291566392388,59.21781028903987,94.34096683072512,True,0.1712511266612032,0.42202530691438805,0.4554473713382424
1.2727272727272726e-06,True,,0.00024580035075100133,15.678021263890459,13.64224633088593,8.396537333902913,3.3030540485696966,3.081293399779101,60.03153643124323,94.8112504493941,True,0.15874697896610726,0.443139094114208,0.4707152643193405
1.233333333333333e-06,True,,0.0002296850297455624,15.155363068747723,13.094051213044674,7.187552258900493,3.461801992672331,3.2873429562763508,63.52235116820348,96.90131861320994,True,0.10912684774998084,0.5368080219032493,0.5477878433111918
1.1939393939393938e-06,True,,0.00021607485176435536,14.699484744859438,12.588507872720946,5.925324766324316,3.633627236002171,3.4999212711616825,67.12163800253427,99.10413378463146,True,0.06722021634782623,0.6381931856656956,0.6417235383839193
1.1545454545454545e-06,True,,0.00020533820774405674,14.329626922710052,12.135998443658897,5.31052790984672,3.8209191791919124,3.7218445889223815,70.88102972746002,101.44013964454501,True,0.03416138463555369,0.7487044467801507,0.7494833879603935
1.115151515151515e-06,True,,0.0001978990494642289,14.067659701038723,11.750859242348232,5.071578392139128,4.025329983424614,3.955375834869777,74.83746479763458,103.9062646631761,True,0.011255727971438319,0.8693166598655299,0.8693895252025575
1.1124851489195026e-06,True,,0.00019752774516780674,14.054456416660402,11.727819239242349,5.054649512804741,4.039773064672617,3.97161141711773,75.11225962128971,104.0751786878653,True,0.010112457669632896,0.8778387729682721,0.8778970173810602
1.0757575757575756e-06,True,,0.00019424348336708253,13.93712607990193,11.453213676972291,4.81150048742824,4.246809102108831,4.200424029347498,78.9912143789213,106.51860599970408,True,0.0,1.0,1.0
