kn,Valid,Error,Voltage_MSE_V2,Voltage_RMSE_mV,Voltage_MAE_mV,Voltage_abs_bias_mV,Capacity_RMSE_pct,Capacity_MAE_pct,Capacity_MAE_mAh,Capacity_MaxAbs_mAh,Pareto
1e-07,False,Simulation ended before the fixed voltage grid,,,,,,,,,False
1.1522500057045308e-07,False,Simulation ended before the fixed voltage grid,,,,,,,,,False
1.3276800756460939e-07,False,Simulation ended before the fixed voltage grid,,,,,,,,,False
1.5298193747370034e-07,False,Simulation ended before the fixed voltage grid,,,,,,,,,False
1.762734383267614e-07,False,Simulation ended before the fixed voltage grid,,,,,,,,,False
2.0311107031756847e-07,False,Simulation ended before the fixed voltage grid,,,,,,,,,False
2.340347319320716e-07,False,Simulation ended before the fixed voltage grid,,,,,,,,,False
2.6966652120378785e-07,False,Simulation ended before the fixed voltage grid,,,,,,,,,False
3.1072325059538613e-07,False,Simulation ended before the fixed voltage grid,,,,,,,,,False
3.58030867271064e-07,False,Simulation ended before the fixed voltage grid,,,,,,,,,False
4.125410688554816e-07,True,,0.001993596696547929,44.64971104663421,41.403928481625854,41.403928481625854,12.830147708103343,12.376573633199811,218.18887022798756,250.0466597349804,False
4.7535044894208287e-07,True,,0.0014655751551476443,38.28283107540042,34.577403229919895,34.577403229919895,11.320613214581869,10.996660317806635,194.75814715092045,215.8215212660497,False
5.477225575051663e-07,True,,0.0010355913491955533,32.18060517136919,27.867975589058606,27.867975589058606,9.89821239955611,9.683111740599589,172.3926434953364,183.6914575426114,False
6.311133200098279e-07,True,,0.000699942171844614,26.456420238660673,22.115907886695727,21.297800348232354,8.444411612717829,8.329406750992394,149.36738509347995,154.61631118364605,False
7.27200326581531e-07,True,,0.0004540432943662181,21.308291681085514,17.327854533836987,14.889374700947089,7.191922050681589,7.14345996868457,129.14257873541538,140.70142966983835,False
7.4e-07,True,,0.00042971321807717754,20.729525273801556,16.763812093953543,14.112564445010827,7.04434125852343,7.002395441758028,126.7386804839993,139.05867085259337,False
8e-07,True,,0.00033640055545975777,18.341225571366756,14.405904449141616,10.678221032376783,6.402257096044315,6.383923861140905,116.19997246407114,131.86212168304135,False
8.379165804519058e-07,True,,0.00029255729578829017,17.104306352152673,13.303994325458552,9.015230197569366,6.036336958305977,6.027116087079698,110.11681910575658,127.71766044213217,False
8.393939393939393e-07,True,,0.00029105551496253016,17.060349204003128,13.265722793212802,8.979087651329293,6.022628771939881,6.0136803191624395,109.88782867385821,127.56189157168629,False
8.787878787878787e-07,True,,0.0002561828777217613,16.005713908531582,12.335100089554103,8.034672974422003,5.670551855702527,5.666530235257999,103.97333264051382,123.58132367272434,False
9.181818181818181e-07,True,,0.0002302932697070033,15.175416623836174,11.610155214939281,7.127637992053433,5.343384205149818,5.339825554300117,98.41043943973632,119.86031603956305,False
9.575757575757575e-07,True,,0.00021213339539403052,14.564799874836266,11.310643103773538,6.25529789081133,5.039323917559386,5.031699072506484,93.16794473523352,116.35558693520088,False
9.654893846056293e-07,True,,0.0002093237211240349,14.468024091908157,11.27821114128175,6.084047312878149,4.980681226148949,4.971678906978621,92.14672309417342,115.67131347358072,False
9.96969696969697e-07,True,,0.0002006478878501894,14.165023397445886,11.213359598845287,5.415356376296497,4.757596494513722,4.7414451139021585,88.22404099681899,113.01131913990803,False
1.0363636363636363e-06,True,,0.0001949412025920577,13.962134600126792,11.266730424217782,4.605850776757617,4.486186620068562,4.4580497143285225,83.36118035342955,109.30094843785155,False
1.0757575757575756e-06,True,,0.00019424348336708253,13.93712607990193,11.453213676972291,4.81150048742824,4.246809102108831,4.200424029347498,78.9912143789213,106.51860599970408,True
1.1124851489195026e-06,True,,0.00019752774516780674,14.054456416660402,11.727819239242349,5.054649512804741,4.039773064672617,3.97161141711773,75.11225962128971,104.0751786878653,True
1.115151515151515e-06,True,,0.0001978990494642289,14.067659701038723,11.750859242348232,5.071578392139128,4.025329983424614,3.955375834869777,74.83746479763458,103.9062646631761,True
1.1545454545454545e-06,True,,0.00020533820774405674,14.329626922710052,12.135998443658897,5.31052790984672,3.8209191791919124,3.7218445889223815,70.88102972746002,101.44013964454501,True
1.1939393939393938e-06,True,,0.00021607485176435536,14.699484744859438,12.588507872720946,5.925324766324316,3.633627236002171,3.4999212711616825,67.12163800253427,99.10413378463146,True
1.233333333333333e-06,True,,0.0002296850297455624,15.155363068747723,13.094051213044674,7.187552258900493,3.461801992672331,3.2873429562763508,63.52235116820348,96.90131861320994,True
1.2727272727272726e-06,True,,0.00024580035075100133,15.678021263890459,13.64224633088593,8.396537333902913,3.3030540485696966,3.081293399779101,60.03153643124323,94.8112504493941,True
1.2818610191887025e-06,True,,0.00024986137092703023,15.80700385674117,13.775843559784398,8.669662862183962,3.267270887714683,3.033291566392388,59.21781028903987,94.34096683072512,True
1.312121212121212e-06,True,,0.00026409642735579774,16.251043885110818,14.222927309470208,9.55616183179012,3.1471595640676973,2.867988242222586,56.40892321997552,92.828995067062,True
1.3515151515151514e-06,True,,0.00028429306247341763,16.860992333591096,14.8212020503262,10.66971996614579,3.011709302187135,2.6399529973669815,52.65426482014106,90.96527836681511,True
1.3909090909090906e-06,True,,0.0003061391181628025,17.49683166069796,15.437019819606057,11.739909818300498,2.906429697427937,2.4611842724988713,49.640804075290994,89.19878795200198,True
1.4303030303030301e-06,True,,0.0003294176384670722,18.149866072978945,16.062657268254263,12.76960555979268,2.8158877010478833,2.289366460468647,46.746883857175845,87.5173138657157,True
1.4696969696969696e-06,True,,0.0003539472764934344,18.81348655867472,16.69450709907623,13.761019971269747,2.740003186360842,2.240158787226348,45.66363465509553,85.9136120034063,True
1.4770243666726012e-06,True,,0.0003586283523232231,18.93748537486493,16.81270056357005,13.941252626365952,2.7276096907228173,2.2457267934020075,45.67987560499402,85.62804436442705,True
1.509090909090909e-06,True,,0.00037954653324474575,19.4819540407205,17.33149480547024,14.716186110924953,2.6786559190730577,2.269346138997185,45.74474970179199,84.40390872923543,True
1.5484848484848482e-06,True,,0.00040607234149506334,20.15123672371161,17.966880131232607,15.63740067298284,2.6301411193511672,2.296973918628307,45.81601898440923,82.95175757809092,True
1.5878787878787877e-06,True,,0.00043339321576314516,20.81809827441366,18.599879730937953,16.526541808633905,2.594211435606353,2.323863328758357,45.8910023445848,81.5721908445548,True
1.6272727272727272e-06,True,,0.00046139012321230554,21.479993557082498,19.228753779782842,17.38528332508325,2.5696529845878295,2.3497919706498998,45.96390984704354,80.24742942370855,True
1.6666666666666665e-06,True,,0.0004899698474131962,22.1352625331889,19.854542952211492,18.21565304937907,2.5557637092233283,2.3751273541523577,46.039446567335204,78.97354035535199,True
1.7019013349242355e-06,True,,0.0005159285411608291,22.71406042874829,20.410362260514265,18.934662475545487,2.552066562832246,2.39768177900373,46.116418940126785,77.88404293054718,True
1.7060606060606057e-06,True,,0.0005190173324173141,22.78195190095252,20.4757277463095,19.01820960775241,2.5520321056200683,2.4002239702407935,46.12422404863895,77.75542239149358,True
1.7454545454545452e-06,True,,0.0005484687342398458,23.4194093486545,21.090979469804925,19.794939822750354,2.5579954725886918,2.4256100311087945,46.22523679236989,76.59694499595027,False
1.7848484848484847e-06,True,,0.0005782919083953087,24.047700688325875,21.703736331659204,20.54778811521965,2.5725917303339343,2.4509967607955896,46.33763581200741,75.492982224866,False
1.824242424242424e-06,True,,0.0006083738651391871,24.665235963582166,22.307933747174257,21.27719493077262,2.59304239602778,2.4743027415240753,46.42892780874863,74.4335798077671,False
1.8636363636363633e-06,True,,0.0006385950602566258,25.270438465856223,22.90421303850874,21.983506887700162,2.620418324411379,2.4977663060339537,46.532350554578194,73.42654483542077,False
1.9030303030303028e-06,True,,0.0006689616504838982,25.864292963154785,23.49308991544952,22.668493128651665,2.653258661682886,2.520802811301948,46.637845999600636,72.45333581616586,False
1.9424242424242423e-06,True,,0.0006994258341354946,26.4466601697737,24.07190102626956,23.333088036124128,2.6905269593687358,2.5429953759129003,46.73852562061624,71.51947550817982,False
1.961015822874999e-06,True,,0.0007138201273652932,26.717412437683652,24.34108796234996,23.639827854496417,2.7100175303639027,2.5537503811578057,46.79286618510478,71.08912807638657,False
1.9818181818181813e-06,True,,0.0007299402164603872,27.01740580552447,24.639594472675626,23.978151441175537,2.7327593050613253,2.565558212278772,46.8522539455023,70.6189206438137,False
2.021212121212121e-06,True,,0.00076048017029405,27.576804932661254,25.200475640531568,24.604797833974214,2.7777071515943237,2.587008668837425,46.956206233773834,69.7454852467989,False
2.0606060606060603e-06,True,,0.0007910129499373693,28.124952443290805,25.750627047243967,25.21390718734504,2.82574612648197,2.608065520488659,47.059815917485615,68.89599114504863,False
2.1e-06,True,,0.0008215094082028395,28.661985419765315,26.293007941297294,25.806239125887874,2.8764814447428644,2.6292599776599386,47.17389603148795,68.07277840025839,False
2.2595804930943974e-06,True,,0.0009440589329827781,30.725542029112816,28.383432793979626,28.045532539747267,3.0967844154519355,2.7100861973455683,47.62387592979703,65.00006142422964,False
2.6036016360578654e-06,True,,0.001199029780271038,34.62700940409145,32.36262682752044,32.15089551154875,3.595886377178563,2.8587056596854286,48.42725166432759,81.62392380569105,False
3e-06,True,,0.0014713847016835726,38.35863268787839,36.08613366834508,35.95486574133803,4.14761489667035,3.1521954515609565,52.16760932148867,98.23230131198346,False
