Cell,C_rate,Direction,Physical_time_RMSE_mV,Full_time_feasible,Time_margin_min
6-5,0.5,Charge,49.98658237205409,True,0.33400053690417053
6-5,1.0,Charge,58.56995734169946,True,1.199365483613164
6-5,2.0,Charge,60.19901786579053,True,1.1318272262123301
6-5,0.5,Discharge,55.98469945626817,True,0.8753541023479983
6-5,1.0,Discharge,65.37397542162098,True,0.832349246800014
6-5,2.0,Discharge,42.43247216726312,True,0.34443357601951874
6-5,ALL,ALL,55.9189562404279,True,
6-6,0.5,Charge,48.47847174140901,True,0.18400053690416485
6-6,1.0,Charge,56.037967329720566,True,0.949365483613164
6-6,2.0,Charge,58.73382328347661,True,1.1318272262123301
6-6,0.5,Discharge,54.15708098408127,True,0.8586874356813325
6-6,1.0,Discharge,62.89487444826722,True,0.8156825801333483
6-6,2.0,Discharge,40.6380862484153,True,0.34443357601951874
6-6,ALL,ALL,53.975745646906624,True,
6-8,0.5,Charge,46.44466490051254,True,0.0006672035708419344
6-8,1.0,Charge,51.96853026327228,True,0.6493654836131668
6-8,2.0,Charge,53.760116685264734,True,0.5318272262123322
6-8,0.5,Discharge,51.04852156933053,True,0.892020769014664
6-8,1.0,Discharge,57.22384319911423,True,0.7823492468000168
6-8,2.0,Discharge,31.362992385346345,True,0.2777669093528523
6-8,ALL,ALL,49.349336803570345,True,
