Candidate,Qn_Ah,Qp_Ah,delta_x,delta_y,x0,x100,y100,y0,qOCV_MAE_2_98_mV,qOCV_RMSE_2_98_mV,SOC0_error_mV,SOC100_error_mV,max_endpoint_abs_mV,optimizer_success,Qn_scale,Qp_scale,csn_max_mol_m3,csp_max_mol_m3,qOCV_admissible,charge_mean_center_RMSE_mV,discharge_mean_center_RMSE_mV,charge_capacity_RMSE_pct,discharge_capacity_RMSE_pct,charge_mean_abs_capacity_error_mAh,discharge_mean_abs_capacity_error_mAh,capacity_change_norm,dynamic_admissible
Qn0.9800_Qp1.0000,2.4298827558438494,4.371198056856199,0.9698112596770644,0.5391033821074064,0.003908928100777282,0.9737201877778416,0.43245329601292865,0.9715566781203351,4.7645386786122375,6.345461930540952,10.000723545258161,8.352137778969038,10.000723545258161,True,0.98,1.0,23839.01475302263,47467.25702278789,True,19.62359607213385,9.75885904670421,4.339642775155673,1.435841530252193,78.52383829419743,27.54120203512622,0.020000000000000018,False
Qn0.9800_Qp1.0200,2.4298827558438494,4.458622017993323,0.9698112596770644,0.5285327275562808,0.003317473966462044,0.9731287336435265,0.4345969222674066,0.9631296498236874,4.988457335395129,6.660322961307112,10.000040945745248,3.9699578080849562,10.000040945745248,True,0.98,1.02,23839.01475302263,48416.602163243646,True,19.27367113511811,10.413133547381072,4.180384120635343,1.1477038131799284,75.26063255570519,19.870577579347216,0.028284271247461926,False
Qn0.9800_Qp1.0400,2.4298827558438494,4.546045979130447,0.9698112596770644,0.5183686366417369,0.00279325193070088,0.9726045116077653,0.43658681869744287,0.9549554553391798,5.482048130927949,7.2140734440346606,-9.21528281371975,-0.07002739235240085,9.21528281371975,True,0.98,1.04,23839.01475302263,49365.9473036994,True,18.860492649966368,12.357360540747022,4.125367882355556,0.9170031698217385,73.74178783273571,13.382333596940448,0.044721359549995836,False
Qn0.9800_Qp1.0522,2.4298827558438494,4.599186012555211,0.9698112596770644,0.5123792883957009,0.0027085690311721158,0.9725198287082365,0.4377940572353936,0.9501733456310946,5.844714234554841,7.626873660873859,-10.00010699474041,-2.320770310927145,10.00010699474041,True,0.98,1.0521568578530578,23839.01475302263,49942.99999999999,True,18.633887888570232,13.845572820662058,4.086132552241475,0.7990139435141618,72.66212653198164,11.826430153172305,0.0558599840771914,False
Qn0.9800_Qp1.0600,2.4298827558438494,4.633469940267572,0.9698112596770644,0.5085880963277418,0.0026800918977087297,0.9724913515747731,0.43856027679576537,0.9471483731235072,6.095642339332023,7.919264901725131,-10.000283838272672,-3.7276214166368504,10.000283838272672,True,0.98,1.06,23839.01475302263,50315.29244415517,True,18.490976528656567,14.846649995646908,4.061438608226427,0.7411506547101359,71.96734019184629,11.91293893345898,0.06324555320336764,False
Qn1.0000_Qp1.0000,2.4794721998406626,4.371198056856199,0.950415034483523,0.5391033821074064,0.003834608653919332,0.9542496431374424,0.43159436432402115,0.9706977464314275,4.77670491638559,6.301882215132907,10.000557510704056,-0.6091009163657901,10.000557510704056,True,1.0,1.0,24325.525258186357,47467.25702278789,True,20.282094293367606,8.740236787709424,3.750493447119415,1.2397511524327645,68.50037370085509,22.185117422958665,0.0,False
Qn1.0000_Qp1.0200,2.4794721998406626,4.458622017993323,0.950415034483523,0.5285327275562808,0.003282590112265533,0.9536976245957886,0.4337367773078852,0.962269504864166,4.967889055378788,6.469481959866934,10.000297312744877,-4.679615512587887,10.000297312744877,True,1.0,1.02,24325.525258186357,48416.602163243646,True,19.98982794687846,10.535407302270455,3.591347409986347,0.9431856492826393,65.2781665673076,13.854138206037241,0.020000000000000018,False
Qn1.0000_Qp1.0400,2.4794721998406626,4.546045979130447,0.950415034483523,0.5183686366417369,0.0030588467152322333,0.9534738811987553,0.4357658023363669,0.9541344389781039,5.404967825304763,6.907423333709487,10.00026638203666,-8.420302373886912,10.00026638203666,True,1.0,1.04,24325.525258186357,49365.9473036994,True,19.65761232779985,13.273366299894557,3.4983518595289143,0.7402174847833686,63.11379467056029,12.829203701908801,0.040000000000000036,False
Qn1.0000_Qp1.0522,2.4794721998406626,4.599186012555211,0.950415034483523,0.5123792883957009,0.0029873900970730093,0.9534024245805961,0.43662949013276375,0.9490087785284647,5.713434840679972,7.278610884346245,9.999723131665306,-10.003215765530982,10.003215765530982,True,1.0,1.0521568578530578,24325.525258186357,49942.99999999999,True,19.373129338777662,15.08659203294487,3.511635998529511,0.6885697388774932,63.03030613535699,13.7672967154366,0.05215685785305779,False
Qn1.0000_Qp1.0600,2.4794721998406626,4.633469940267572,0.950415034483523,0.5085880963277418,0.0029550285785438102,0.9533700630620668,0.43662738818812336,0.9452154845158651,5.956519525129643,7.608068482804346,9.99969198517281,-10.010575826465917,10.010575826465917,True,1.0,1.06,24325.525258186357,50315.29244415517,True,19.060054981914245,16.241252363094695,3.619006282873443,0.6775398362344865,64.77024235187271,13.664207446154373,0.06000000000000005,False
Qn1.0200_Qp1.0000,2.529061643837476,4.371198056856199,0.9317794455720815,0.5391033821074064,0.0037664845944362525,0.9355459301665178,0.4308058579126728,0.9699092400200792,4.846094656736745,6.489566745592928,10.007402064600601,-2.831276651445336,10.007402064600601,True,1.02,1.0,24812.035763350083,47467.25702278789,True,21.098276164163728,8.316911339739647,3.213867255302186,1.229797263333276,59.266458505392585,21.775592802563654,0.020000000000000018,False
Qn1.0200_Qp1.0200,2.529061643837476,4.458622017993323,0.9317794455720815,0.5285327275562808,0.003251486050127121,0.9350309316222086,0.43296973272284406,0.9615024602791249,5.070035935553187,6.494001290212932,10.00080312399021,-6.821971813390171,10.00080312399021,True,1.02,1.02,24812.035763350083,48416.602163243646,True,20.862928426098048,10.60154990829593,3.0489637982743547,0.9225919382573986,56.008267871782586,13.673103614637286,0.028284271247461926,True
Qn1.0200_Qp1.0400,2.529061643837476,4.546045979130447,0.9317794455720815,0.5183686366417369,0.003040943519937046,0.9348203890920185,0.4347157665636072,0.9530844032053442,5.470398834165885,6.781854879903568,10.000353576106402,-10.002703630188847,10.002703630188847,False,1.02,1.04,24812.035763350083,49365.9473036994,True,20.498120145458717,13.64375217976035,2.9972895164371876,0.7357363784057538,54.6917240053512,13.070835011027349,0.044721359549995836,False
Qn1.0200_Qp1.0522,2.529061643837476,4.599186012555211,0.9317794455720815,0.5123792883957009,0.0029706793732532126,0.9347501249453347,0.4347173350265619,0.9470966234222629,5.858297210694854,7.193229196133124,10.000369002773901,-10.014085018953622,10.014085018953622,False,1.02,1.0521568578530578,24812.035763350083,49942.99999999999,True,20.004346138077036,15.469757754370827,3.1610662195062775,0.7151511918218466,57.416304263126015,12.900203014854839,0.0558599840771914,False
Qn1.0200_Qp1.0600,2.529061643837476,4.633469940267572,0.9317794455720815,0.5085880963277418,0.002939168845549241,0.9347186144176307,0.4347193357041714,0.9433074320319133,6.186648801202492,7.576319806372386,10.000034713394612,-10.021531067817335,10.021531067817335,True,1.02,1.06,24812.035763350083,50315.29244415517,True,19.687962445991868,16.68765427486343,3.2695564426543626,0.7019812543302008,59.20324755684973,12.771420807677458,0.06324555320336764,False
Qn1.0400_Qp1.0000,2.578651087834289,4.371198056856199,0.9138606100803107,0.5391033821074064,0.0037079819998836134,0.9175685920801944,0.43012990449175154,0.969233286599158,4.9683283699451275,6.9074584851143594,10.006211374734342,-3.0336961265478024,10.006211374734342,True,1.04,1.0,25298.546268513808,47467.25702278789,True,22.051799042844436,8.003699847917263,2.7228057692445797,1.2801551722890527,50.57346190163543,23.034561158837917,0.040000000000000036,False
Qn1.0400_Qp1.0200,2.578651087834289,4.458622017993323,0.9138606100803107,0.5285327275562808,0.0032199862294541464,0.9170805963097649,0.4321933849397125,0.9607261124959933,5.181222561089054,6.761968315871254,10.00004301337487,-6.812366973744766,10.00004301337487,True,1.04,1.02,25298.546268513808,48416.602163243646,True,21.836962300306,10.470837478666787,2.5695622241277984,0.9702633253706485,47.639140856914565,14.287686750524832,0.044721359549995836,False
Qn1.0400_Qp1.0400,2.578651087834289,4.546045979130447,0.9138606100803107,0.5183686366417369,0.003027911201977294,0.916888521282288,0.4339512601691245,0.9523198968108615,5.638356826035037,6.88613129712945,10.000594252410178,-10.002645551544731,10.002645551544731,True,1.04,1.04,25298.546268513808,49365.9473036994,True,21.50583972230655,13.66491425604877,2.5049263631050973,0.759836045365596,46.23625158169949,12.79201606138036,0.05656854249492385,False
Qn1.0400_Qp1.0522,2.578651087834289,4.599186012555211,0.9138606100803107,0.5123792883957009,0.0029643492643866252,0.9168249593446973,0.4339556923282505,0.9463349807239514,6.083142229082883,7.206527796702843,10.000551550873205,-10.014004640239271,10.014004640239271,True,1.04,1.0521568578530578,25298.546268513808,49942.99999999999,True,21.01024803975855,15.540251263846779,2.6653154041796663,0.7384715705310025,48.98635472564164,12.617041523664605,0.06572927674259073,False
Qn1.0400_Qp1.0600,2.578651087834289,4.633469940267572,0.9138606100803107,0.5085880963277418,0.002934210999907391,0.9167948210802181,0.43395912327614206,0.9425472196038839,6.424538638633948,7.539069189890416,10.000619134352906,-10.02179303758055,10.02179303758055,True,1.04,1.06,25298.546268513808,50315.29244415517,True,20.690313992759993,16.784171000608854,2.7720498259639985,0.7245730902430382,50.79076314929846,12.479054013115814,0.07211102550927985,False
