Model,Normalized_step,Parameter,RMS_mV_per_normalized_coordinate,Relative_sensitivity
main,0.01,Dsn,14.086613946289,0.125586381598379
main,0.01,kn,75.29456952073069,0.6712736344000724
main,0.01,brugg_n,112.16673151184109,1.0
conservative,0.01,Dsn,14.086613946289,0.18708671868308596
conservative,0.01,kn,75.29456952073069,1.0
main,0.025,Dsn,14.098260471733704,0.12553362657172862
main,0.025,kn,75.29010925094296,0.6703976336798558
main,0.025,brugg_n,112.30664529298932,1.0
conservative,0.025,Dsn,14.098260471733704,0.18725249055947057
conservative,0.025,kn,75.29010925094296,1.0
main,0.05,Dsn,14.08697734445227,0.12488107607668524
main,0.05,kn,75.27474426431463,0.6673107250241274
main,0.05,brugg_n,112.80313869014017,1.0
conservative,0.05,Dsn,14.08697734445227,0.18714081970160154
conservative,0.05,kn,75.27474426431463,1.0
