Cohort,Cell,File,C_rate,Direction,Step_number,Rest_duration_min,Rest_end_V,Rest_tail_slope_mV_per_min,Onset_V,End_V,Median_current_A,CC_duration_min,CC_capacity_Ah,CV_capacity_Ah,CC_plus_CV_Ah
Old July BoL,6-5,260703 BoL 데이터 6-5.xlsx,0.5,Charge,7,10.0,3.0542,2.3314285714287277,3.1001,4.2,1.1398885,112.78333333333333,2.1426725,0.1716,2.3142725000000004
Old July BoL,6-5,260703 BoL 데이터 6-5.xlsx,0.5,Discharge,10,10.0,4.178,-0.3257142857138793,4.1489,3.0,1.1398882,120.51666666666667,2.2897203,,2.2897203
Old July BoL,6-5,260703 BoL 데이터 6-5.xlsx,1.0,Charge,12,10.0,3.2077,5.52000000000054,3.2873,4.2,2.2799094,49.983333333333334,1.899352,0.3886,2.2879519999999998
Old July BoL,6-5,260703 BoL 데이터 6-5.xlsx,1.0,Discharge,15,10.0,4.1775,-0.35428571428548594,4.1185,2.9996,2.27984,59.483333333333334,2.2603984,,2.2603984
Old July BoL,6-5,260703 BoL 데이터 6-5.xlsx,2.0,Charge,17,10.0,3.3262,6.257142857143099,3.468,4.2,4.5598948,19.233333333333334,1.4615742,0.8015,2.2630742
Old July BoL,6-5,260703 BoL 데이터 6-5.xlsx,2.0,Discharge,20,10.0,4.1783,-0.30285714285725795,4.0628,2.9997,4.559809700000001,29.133333333333333,2.2148011,,2.2148011
Old July BoL,6-6,260703 BoL 데이터 6-6.xlsx,0.5,Charge,7,10.0,3.0601,2.7200000000000992,3.1066,4.2,1.1399481,112.93333333333334,2.1458557,0.1694,2.3152557
Old July BoL,6-6,260703 BoL 데이터 6-6.xlsx,0.5,Discharge,10,10.0,4.1783,-0.319999999999917,4.1488,2.9998,1.1399744,120.53333333333333,2.2903671,,2.2903671
Old July BoL,6-6,260703 BoL 데이터 6-6.xlsx,1.0,Charge,12,10.0,3.2073,5.605714285714408,3.2843,4.2,2.2799649000000004,50.233333333333334,1.9087741,0.3803,2.2890741
Old July BoL,6-6,260703 BoL 데이터 6-6.xlsx,1.0,Discharge,15,10.0,4.178,-0.3257142857141026,4.1192,2.9999,2.2799306,59.5,2.2609308,,2.2609308
Old July BoL,6-6,260703 BoL 데이터 6-6.xlsx,2.0,Charge,17,10.0,3.3263,6.200000000000341,3.4677,4.2,4.5598936,19.233333333333334,1.4620776,0.8013,2.2633776
Old July BoL,6-6,260703 BoL 데이터 6-6.xlsx,2.0,Discharge,20,10.0,4.1787,-0.3199999999990668,4.063,2.9996,4.5600405,29.133333333333333,2.2142754,,2.2142754
Old July BoL,6-8,260703 BoL 데이터 6-8.xlsx,0.5,Charge,7,10.0,3.058,2.3485714285716766,3.1002,4.2,1.1399958,113.11666666666666,2.1492388,0.1648,2.3140388
Old July BoL,6-8,260703 BoL 데이터 6-8.xlsx,0.5,Discharge,10,10.0,4.1788,-0.31999999999995304,4.1519,2.9998,1.1399031,120.5,2.2897484,,2.2897484
Old July BoL,6-8,260703 BoL 데이터 6-8.xlsx,1.0,Charge,12,10.0,3.2055,5.948571428571512,3.2763,4.2,2.2799857,50.53333333333333,1.9197487,0.3689,2.2886487
Old July BoL,6-8,260703 BoL 데이터 6-8.xlsx,1.0,Discharge,15,10.0,4.1785,-0.3542857142856455,4.1225,2.9999,2.2800014,59.53333333333333,2.2625206,,2.2625206
Old July BoL,6-8,260703 BoL 데이터 6-8.xlsx,2.0,Charge,17,10.0,3.3179,6.685714285714321,3.4466,4.2,4.5597544,19.833333333333332,1.5077586,0.7568,2.2645586
Old July BoL,6-8,260703 BoL 데이터 6-8.xlsx,2.0,Discharge,20,10.0,4.1792,-0.3028571428570091,4.0709,2.9999,4.5599067,29.2,2.2188985,,2.2188985
