Cohort,C_rate,Direction,n_cells,Rest_duration_min,Mean_abs_tail_slope_mV_per_min,SD_abs_tail_slope_mV_per_min,Mean_abs_onset_jump_mV,SD_abs_onset_jump_mV,Mean_initial_SOC_pct,SD_initial_SOC_pct,Tail_slope_reduction_factor_July_over_September
New September,0.5,Charge,2,120.0,0.29805194805199475,0.0038569460791921524,46.10000000000003,1.1313708498989845,1.6731951751200649,0.012350722010476779,8.27596223674622
New September,0.5,Discharge,2,120.0,0.009350649350597949,0.001836640990053282,36.900000000000155,0.1414213562369799,97.38284013796641,0.06808657438920931,34.425925926070185
New September,1.0,Charge,2,119.98333333333332,0.19701298701299963,0.009366869049443173,86.99999999999997,4.242640687119139,2.932722624091019,0.06809863751808994,28.888595912984826
New September,1.0,Discharge,2,120.0,0.01181818181815755,0.0009183204950278072,70.79999999999976,0.7071067811867887,97.47912909488306,0.05446925951129912,29.17216117220019
New September,2.0,Charge,2,120.0,0.0709090909090989,0.007346563960401365,162.75000000000017,7.283199846221729,6.298247275606453,0.5413196176226894,89.98778998778333
New September,2.0,Discharge,2,120.0,0.01649350649339005,0.002387633287086159,140.99999999999957,1.9798989873220998,97.50320133411225,0.06127791695018639,18.708661417430843
Old July BoL,0.5,Charge,3,10.0,2.466666666666955,0.21956047622702557,44.86666666666676,2.328805129961013,0.08876376450980132,0.005579589267045182,8.27596223674622
Old July BoL,0.5,Discharge,3,10.0,0.3219047619043413,0.0032991443952257284,28.499999999999897,1.4000000000004174,98.42522947336279,0.037227359495309295,34.425925926070185
Old July BoL,1.0,Charge,3,10.0,5.691428571428673,0.2267786838054129,75.80000000000008,4.5210618221828645,0.5431623619873793,0.004903558517702944,28.888595912984826
Old July BoL,1.0,Discharge,3,10.0,0.3447619047616579,0.016495721976854755,57.933333333333316,1.677299416721171,98.3914479342419,0.04606682888958713,29.17216117220019
Old July BoL,2.0,Charge,3,10.0,6.380952380952628,0.2654735212335844,137.30000000000007,7.450503338701175,1.154949766251652,0.03433843143475684,89.98778998778333
Old July BoL,2.0,Discharge,3,10.0,0.3085714285710315,0.00989743318607003,113.1666666666667,4.215843134336818,98.4590027188101,0.041532145080090045,18.708661417430843
