Cohort,Cell,File,C_rate,Direction,Step_number,Rest_duration_min,Rest_end_V,Rest_tail_slope_mV_per_min,Onset_V,End_V,Median_current_A,CC_duration_min,CC_capacity_Ah,CV_capacity_Ah,CC_plus_CV_Ah,Abs_tail_slope_mV_per_min,Onset_jump_mV,Abs_onset_jump_mV,Initial_SOC_pct
Old July BoL,6-5,260703 BoL 데이터 6-5.xlsx,0.5,Charge,7,10.0,3.0542,2.3314285714288068,3.1001,4.2,1.1398885,112.78333333333332,2.1426725,0.1716,2.3142725000000004,2.3314285714288068,45.90000000000005,45.90000000000005,0.08273118574856261
Old July BoL,6-5,260703 BoL 데이터 6-5.xlsx,0.5,Discharge,10,10.0,4.178,-0.3257142857136993,4.1489,3.0,1.1398882,120.51666666666668,2.2897203,,2.2897203,0.3257142857136993,-29.09999999999968,29.09999999999968,98.3914534436909
Old July BoL,6-5,260703 BoL 데이터 6-5.xlsx,1.0,Charge,12,10.0,3.2077,5.520000000000201,3.2873,4.2,2.2799094,49.98333333333333,1.899352,0.3886,2.287952,5.520000000000201,79.60000000000011,79.60000000000011,0.5467887600581761
Old July BoL,6-5,260703 BoL 데이터 6-5.xlsx,1.0,Discharge,15,10.0,4.1775,-0.3542857142855135,4.1185,2.9996,2.27984,59.48333333333333,2.2603984,,2.2603984,0.3542857142855135,-59.00000000000016,59.00000000000016,98.3453783508749
Old July BoL,6-5,260703 BoL 데이터 6-5.xlsx,2.0,Charge,17,10.0,3.3262,6.257142857143165,3.468,4.2,4.5598948,19.23333333333333,1.4615742,0.8015,2.2630742,6.257142857143165,141.79999999999993,141.79999999999993,1.1744178786656152
Old July BoL,6-5,260703 BoL 데이터 6-5.xlsx,2.0,Discharge,20,10.0,4.1783,-0.3028571428566439,4.0628,2.9997,4.559809700000001,29.133333333333333,2.2148011,,2.2148011,0.3028571428566439,-115.49999999999994,115.49999999999994,98.41909008800471
Old July BoL,6-6,260703 BoL 데이터 6-6.xlsx,0.5,Charge,7,10.0,3.0601,2.7200000000001507,3.1066,4.2,1.1399481,112.93333333333334,2.1458557,0.1694,2.3152557,2.7200000000001507,46.499999999999986,46.499999999999986,0.0937390871994827
Old July BoL,6-6,260703 BoL 데이터 6-6.xlsx,0.5,Discharge,10,10.0,4.1783,-0.3199999999994354,4.1488,2.9998,1.1399744,120.53333333333332,2.2903671,,2.2903671,0.3199999999994354,-29.500000000000526,29.500000000000526,98.41909008800471
Old July BoL,6-6,260703 BoL 데이터 6-6.xlsx,1.0,Charge,12,10.0,3.2073,5.605714285714427,3.2843,4.2,2.2799649000000004,50.23333333333333,1.9087741,0.3803,2.2890741,5.605714285714427,76.99999999999996,76.99999999999996,0.5451150378716548
Old July BoL,6-6,260703 BoL 데이터 6-6.xlsx,1.0,Discharge,15,10.0,4.178,-0.3257142857140293,4.1192,2.9999,2.2799306,59.5,2.2609308,,2.2609308,0.3257142857140293,-58.79999999999974,58.79999999999974,98.3914534436909
Old July BoL,6-6,260703 BoL 데이터 6-6.xlsx,2.0,Charge,17,10.0,3.3263,6.20000000000026,3.4677,4.2,4.5598936,19.23333333333333,1.4620776,0.8013,2.2633776,6.20000000000026,141.39999999999998,141.39999999999998,1.1751301266807586
Old July BoL,6-6,260703 BoL 데이터 6-6.xlsx,2.0,Discharge,20,10.0,4.1787,-0.3199999999995592,4.063,2.9996,4.5600405,29.133333333333333,2.2142754,,2.2142754,0.3199999999995592,-115.70000000000036,115.70000000000036,98.45593392831516
Old July BoL,6-8,260703 BoL 데이터 6-8.xlsx,0.5,Charge,7,10.0,3.058,2.3485714285719075,3.1002,4.2,1.1399958,113.11666666666666,2.1492388,0.1648,2.3140388,2.3485714285719075,42.20000000000024,42.20000000000024,0.08982102058135864
Old July BoL,6-8,260703 BoL 데이터 6-8.xlsx,0.5,Discharge,10,10.0,4.1788,-0.3199999999998891,4.1519,2.9998,1.1399031,120.5,2.2897484,,2.2897484,0.3199999999998891,-26.89999999999948,26.89999999999948,98.46514488839276
Old July BoL,6-8,260703 BoL 데이터 6-8.xlsx,1.0,Charge,12,10.0,3.2055,5.948571428571393,3.2763,4.2,2.2799857,50.53333333333333,1.9197487,0.3689,2.2886487,5.948571428571393,70.8000000000002,70.8000000000002,0.5375832880323071
Old July BoL,6-8,260703 BoL 데이터 6-8.xlsx,1.0,Discharge,15,10.0,4.1785,-0.354285714285431,4.1225,2.9999,2.2800014,59.53333333333333,2.2625206,,2.2625206,0.354285714285431,-56.00000000000005,56.00000000000005,98.43751200815989
Old July BoL,6-8,260703 BoL 데이터 6-8.xlsx,2.0,Charge,17,10.0,3.3179,6.68571428571446,3.4466,4.2,4.5597544,19.83333333333333,1.5077586,0.7568,2.2645586,6.68571428571446,128.70000000000027,128.70000000000027,1.1153012934085822
Old July BoL,6-8,260703 BoL 데이터 6-8.xlsx,2.0,Discharge,20,10.0,4.1792,-0.3028571428568913,4.0709,2.9999,4.5599067,29.2,2.2188985,,2.2188985,0.3028571428568913,-108.29999999999984,108.29999999999984,98.50198414011044
New September,6-1,260927 6-1 0.5C 1C 2C.xlsx,0.5,Discharge,5,120.0,4.1667,-0.0080519480519261,4.1297,3.0,1.1399641,117.66666666666669,2.2358828,,2.2358828,0.0080519480519261,-36.99999999999992,36.99999999999992,97.33469565950803
New September,6-1,260927 6-1 0.5C 1C 2C.xlsx,0.5,Charge,7,120.0,3.3911,0.3007792207792624,3.438,4.2,1.1402395,106.66666666666669,2.027154,0.2128,2.239954,0.3007792207792624,46.90000000000039,46.90000000000039,1.6644618958339068
New September,6-1,260927 6-1 0.5C 1C 2C.xlsx,1.0,Discharge,10,120.0,4.1678,-0.0124675324674943,4.0965,2.9999,2.2800611,58.1,2.2078617,,2.2078617,0.0124675324674943,-71.29999999999993,71.29999999999993,97.44061351211641
New September,6-1,260927 6-1 0.5C 1C 2C.xlsx,1.0,Charge,12,119.98333333333332,3.5047,0.190389610389652,3.5947,4.2,2.2801473,45.86666666666667,1.742599,0.4664,2.208999,0.190389610389652,89.99999999999986,89.99999999999986,2.8845696157124125
New September,6-1,260927 6-1 0.5C 1C 2C.xlsx,2.0,Discharge,15,120.0,4.168,-0.0148051948051047,4.0284,3.0,4.56061485,28.08333333333333,2.1344919,,2.1344919,0.0148051948051047,-139.59999999999974,139.59999999999974,97.4598713034998
New September,6-1,260927 6-1 0.5C 1C 2C.xlsx,2.0,Charge,17,120.0,3.6529,0.0761038961039194,3.8208,4.2,4.5603862,13.25,1.0064489,1.1328,2.1392489,0.0761038961039194,167.90000000000038,167.90000000000038,5.91547650319614
New September,6-2,260927 6-2 0.5C 1C 2C.xlsx,0.5,Discharge,5,120.0,4.1677,-0.0106493506492698,4.1309,3.0,1.1400452,118.48333333333332,2.2517154,,2.2517154,0.0106493506492698,-36.80000000000039,36.80000000000039,97.43098461642478
New September,6-2,260927 6-2 0.5C 1C 2C.xlsx,0.5,Charge,7,120.0,3.3932,0.2953246753247271,3.4385,4.2,1.1397483,107.63333333333334,2.0443931,0.21,2.2543931,0.2953246753247271,45.29999999999967,45.29999999999967,1.681928454406223
New September,6-2,260927 6-2 0.5C 1C 2C.xlsx,1.0,Discharge,10,120.0,4.1686,-0.0111688311688208,4.0983,3.0,2.2799270500000004,58.46666666666667,2.2213459,,2.2213459,0.0111688311688208,-70.29999999999959,70.29999999999959,97.51764467764971
New September,6-2,260927 6-2 0.5C 1C 2C.xlsx,1.0,Charge,12,119.98333333333332,3.5114,0.2036363636363473,3.5954,4.2,2.2798158,46.41666666666666,1.7636914,0.4584,2.2220914,0.2036363636363473,84.00000000000007,84.00000000000007,2.980875632469625
New September,6-2,260927 6-2 0.5C 1C 2C.xlsx,2.0,Discharge,15,120.0,4.1689,-0.0181818181816754,4.0265,2.9998,4.559613000000001,28.15,2.1387107,,2.1387107,0.0181818181816754,-142.3999999999994,142.3999999999994,97.54653136472471
New September,6-2,260927 6-2 0.5C 1C 2C.xlsx,2.0,Charge,17,120.0,3.6663,0.0657142857142784,3.8239,4.2,4.5599036,13.516666666666667,1.0281333,1.1139,2.1420333,0.0657142857142784,157.59999999999997,157.59999999999997,6.681018048016766
