cell,direction,region,n,mean,median,mean_abs,median_abs,p90_abs,max_abs
v2,delithiation,full,45,-0.0186664971448468,-0.004065317494097692,0.01866649714484688,0.004065317494097692,0.023025345354640604,0.3330412767204132
v2,delithiation,central_10_90,35,-0.007734285603727654,-0.003228506199521556,0.00773428560372774,0.003228506199521556,0.018856744849393793,0.024333198821455158
v2,delithiation,endpoints,10,-0.0569292375387638,-0.011086505878907908,0.05692923753876387,0.011086505878907908,0.18733461948800342,0.3330412767204132
v2,lithiation,full,45,0.01057185237597781,0.009383364381623613,0.010571852375977846,0.009383364381623613,0.015591290263736101,0.054475984101801676
v2,lithiation,central_10_90,36,0.010849635988745786,0.010189661748693075,0.010849635988745833,0.010189661748693075,0.015465586149331016,0.054475984101801676
v2,lithiation,endpoints,9,0.009460717924905885,0.006117710792092634,0.009460717924905885,0.006117710792092634,0.01846158948817317,0.044244531539351824
v3,delithiation,full,46,-0.014048469460716048,-0.008632622263005253,0.014048469460716194,0.008632622263005253,0.017498079059816554,0.3060175455083214
v3,delithiation,central_10_90,37,-0.008120873041353876,-0.008830796955239657,0.008120873041353985,0.008830796955239657,0.015544458018474695,0.021868204155861555
v3,delithiation,endpoints,9,-0.038417476962538305,-0.0004378085251061681,0.038417476962538596,0.0004378085251061681,0.07624236460826762,0.3060175455083214
v3,lithiation,full,47,0.009863083687363263,0.009069601605296577,0.009863083687363263,0.009069601605296577,0.016668299235493213,0.06063449068827731
v3,lithiation,central_10_90,37,0.01132068503348951,0.009682201867321686,0.01132068503348951,0.009682201867321686,0.018422982736413775,0.06063449068827731
v3,lithiation,endpoints,10,0.004469958706696154,0.0013441053393850636,0.004469958706696154,0.0013441053393850636,0.012554093122758335,0.017087799404094658
