Scenario,Note,Cell,C_rate,Direction,Full_time_feasible,Time_margin_min,Physical_time_RMSE_mV,Physical_time_bias_mV,Overlap_time_RMSE_mV,Overlap_time_bias_mV,Capacity_aligned_full_RMSE_mV,Capacity_error_pct,Capacity_error_mAh
Current July final,selected baseline,6-5,0.5,Charge,True,0.33400053690417053,49.98658237205409,-40.454719489595675,49.98658237205409,-40.454719489595675,49.83073118923678,0.3010968184868102,6.4515187280917985
Current July final,selected baseline,6-6,0.5,Charge,True,0.18400053690416485,48.47847174140901,-38.9572821265806,48.47847174140901,-38.9572821265806,48.37731827939444,0.15230841142264087,3.26831872809219
Current July final,selected baseline,6-8,0.5,Charge,True,0.0006672035708419344,46.44466490051254,-36.454424557347686,46.44466490051254,-36.454424557347686,46.22385115586113,-0.0053405546144060095,-0.11478127190800436
Current July final,selected baseline,6-5,0.5,Discharge,True,0.8753541023479983,55.98469945626817,43.5253636078007,55.98469945626817,43.5253636078007,54.05155033488535,0.7236727850215351,16.570082664213448
Current July final,selected baseline,6-6,0.5,Discharge,True,0.8586874356813325,54.15708098408127,41.8235347367574,54.15708098408127,41.8235347367574,52.11867112061244,0.695228405272381,15.923282664213279
Current July final,selected baseline,6-8,0.5,Discharge,True,0.892020769014664,51.04852156933053,37.94075421972217,51.04852156933053,37.94075421972217,48.780683683980186,0.7224366949754502,16.54198266421325
Current July final,selected baseline,6-5,1.0,Charge,True,1.199365483613164,58.56995734169946,-44.614064469725356,58.56995734169946,-44.614064469725356,58.866304895632375,2.3982256200125143,45.55074627822009
Current July final,selected baseline,6-6,1.0,Charge,True,0.949365483613164,56.037967329720566,-41.40598789411605,56.037967329720566,-41.40598789411605,56.30039772807095,1.892767000464853,36.12864627821999
Current July final,selected baseline,6-8,1.0,Charge,True,0.6493654836131668,51.96853026327228,-35.93257912193263,51.96853026327228,-35.93257912193263,52.15444541392393,1.310278073282198,25.154046278220044
Current July final,selected baseline,6-5,1.0,Discharge,True,0.832349246800014,65.37397542162098,52.31569272345479,65.37397542162098,52.31569272345479,62.97405134586932,1.3944948014687866,31.521138180483632
Current July final,selected baseline,6-6,1.0,Discharge,True,0.8156825801333483,62.89487444826722,49.57937540708078,62.89487444826722,49.57937540708078,60.41016028429982,1.3706186045359567,30.988738180483644
Current July final,selected baseline,6-8,1.0,Discharge,True,0.7823492468000168,57.22384319911423,43.09333061283465,57.22384319911423,43.09333061283465,54.58469593640706,1.29938875166412,29.398938180483558
Current July final,selected baseline,6-5,2.0,Charge,True,1.1318272262123301,60.19901786579053,-40.8988272040556,60.19901786579053,-40.8988272040556,59.88352146606201,5.892706303768112,86.12627501764835
Current July final,selected baseline,6-6,2.0,Charge,True,1.1318272262123301,58.73382328347661,-38.98301787264626,58.73382328347661,-38.98301787264626,58.381956297137,5.856246961012769,85.62287501764843
Current July final,selected baseline,6-8,2.0,Charge,True,0.5318272262123322,53.760116685264734,-29.24974966503394,53.760116685264734,-29.24974966503394,53.186787661786624,2.649089517224332,39.94187501764834
Current July final,selected baseline,6-5,2.0,Discharge,True,0.34443357601951874,42.43247216726312,37.208485688388,42.43247216726312,37.208485688388,41.94829997248954,1.149962122962202,25.469373748950197
Current July final,selected baseline,6-6,2.0,Discharge,True,0.34443357601951874,40.6380862484153,35.254587371889635,40.6380862484153,35.254587371889635,40.09021612493145,1.1739765409916965,25.99507374895005
Current July final,selected baseline,6-8,2.0,Discharge,True,0.2777669093528523,31.362992385346345,24.109711299569526,31.362992385346345,24.109711299569526,30.60201047508452,0.9631794220848844,21.371973748950168
De raw PyBaMM,removes the current x1e-4 unit-conversion factor,6-5,0.5,Charge,True,3.545330501547312,64.92663112722714,-57.673766673142225,64.92663112722714,-57.673766673142225,64.87393753562702,3.1485818738654734,67.4637979513002
De raw PyBaMM,removes the current x1e-4 unit-conversion factor,6-6,0.5,Charge,True,3.3953305015473063,63.35596466080804,-56.19028339623294,63.35596466080804,-56.19028339623294,63.34317638719587,2.995569457503624,64.28059795130059
De raw PyBaMM,removes the current x1e-4 unit-conversion factor,6-8,0.5,Charge,True,3.2119971682139834,61.13993787758181,-53.70464733445758,61.13993787758181,-53.70464733445758,61.03123218158875,2.8334449364724104,60.897497951300394
De raw PyBaMM,removes the current x1e-4 unit-conversion factor,6-5,0.5,Discharge,True,0.9458070532248541,73.918865872412,63.41906158279147,73.918865872412,63.41906158279147,72.20372115004479,0.7821303337624349,17.908597024616224
De raw PyBaMM,removes the current x1e-4 unit-conversion factor,6-6,0.5,Discharge,True,0.9291403865581884,72.0410169419024,61.717868851224345,72.0410169419024,61.717868851224345,70.23897235201603,0.753669445593069,17.261797024616055
De raw PyBaMM,removes the current x1e-4 unit-conversion factor,6-8,0.5,Discharge,True,0.9624737198915199,68.58299947011699,57.833560398444824,68.58299947011699,57.833560398444824,66.60258472155427,0.7808935263200107,17.880497024616027
De raw PyBaMM,removes the current x1e-4 unit-conversion factor,6-5,1.0,Charge,True,4.578860183198437,87.8668548277744,-77.85352565239104,87.8668548277744,-77.85352565239104,88.07979262640777,9.159382587671109,173.96891636658296
De raw PyBaMM,removes the current x1e-4 unit-conversion factor,6-6,1.0,Charge,True,4.328860183198437,84.99065767485472,-74.72664082547546,84.99065767485472,-74.72664082547546,85.1806776595952,8.620549512201725,164.54681636658285
De raw PyBaMM,removes the current x1e-4 unit-conversion factor,6-8,1.0,Charge,True,4.028860183198439,80.19337338112159,-69.35416046971,80.19337338112159,-69.35416046971,80.32657082761413,7.9995999667343405,153.57221636658292
De raw PyBaMM,removes the current x1e-4 unit-conversion factor,6-5,1.0,Discharge,True,0.9570433483036496,107.02134483421192,94.90448286830639,107.02134483421192,94.90448286830639,104.97606841289348,1.6041135090061953,36.2593560917599
De raw PyBaMM,removes the current x1e-4 unit-conversion factor,6-6,1.0,Discharge,True,0.9403766816369838,104.35393766957684,92.17161710333039,104.35393766957684,92.17161710333039,102.24866747868403,1.5801879514295576,35.72695609175991
De raw PyBaMM,removes the current x1e-4 unit-conversion factor,6-8,1.0,Discharge,True,0.9070433483036524,98.13124131265828,85.69001544730358,98.13124131265828,85.69001544730358,95.94960616575901,1.508810840960291,34.13715609175982
De raw PyBaMM,removes the current x1e-4 unit-conversion factor,6-5,2.0,Charge,True,5.136727671852128,119.20436302361526,-105.61245588967586,119.20436302361526,-105.61245588967586,119.04442238640347,26.71698340317863,390.48853643914083
De raw PyBaMM,removes the current x1e-4 unit-conversion factor,6-6,2.0,Charge,True,5.136727671852128,117.44301964209657,-103.69664655826655,117.44301964209657,-103.69664655826655,117.26028560749998,26.673354166642106,389.9851364391409
De raw PyBaMM,removes the current x1e-4 unit-conversion factor,6-8,2.0,Charge,True,4.53672767185213,110.35916557423357,-94.93253776630532,110.35916557423357,-94.93253776630532,110.09091537912451,22.835494782728535,344.3041364391408
De raw PyBaMM,removes the current x1e-4 unit-conversion factor,6-5,2.0,Discharge,True,0.8656052024438168,154.14284659296584,142.41514058828054,154.14284659296584,142.41514058828054,152.5455384251564,2.9383096064906704,65.07771348596103
De raw PyBaMM,removes the current x1e-4 unit-conversion factor,6-6,2.0,Discharge,True,0.8656052024438168,152.34096251510667,140.46124227178217,152.34096251510667,140.46124227178217,150.62723121347537,2.962748603265921,65.60341348596089
De raw PyBaMM,removes the current x1e-4 unit-conversion factor,6-8,2.0,Discharge,True,0.7989385357771503,141.91521585485944,129.58449443079434,141.91521585485944,129.58449443079434,140.16081677325192,2.748224557633484,60.980313485961005
Dsn nominal,Ai2020 graphite Dsn function,6-5,0.5,Charge,True,0.3090359069073827,50.00388013035839,-39.68292746173851,50.00388013035839,-39.68292746173851,50.046632425218846,0.2789606905860425,5.977214002997222
Dsn nominal,Ai2020 graphite Dsn function,6-6,0.5,Charge,True,0.159035906907377,48.5175060769862,-38.186220057008256,48.5175060769862,-38.186220057008256,48.616848640427946,0.13020512064243714,2.7940140029976135
Dsn nominal,Ai2020 graphite Dsn function,6-8,0.5,Charge,False,-0.0242974264259459,,,46.53169080499043,-35.69225392471472,46.52797272470149,-0.027409052777317287,-0.5890859970025808
Dsn nominal,Ai2020 graphite Dsn function,6-5,0.5,Discharge,True,0.7034322059831197,54.027223868859764,42.61806924416882,54.027223868859764,42.61806924416882,52.64318464668934,0.5810225125873624,13.30379041828289
Dsn nominal,Ai2020 graphite Dsn function,6-6,0.5,Discharge,True,0.686765539316454,52.1641420452206,40.9105435433209,52.1641420452206,40.9105435433209,50.68921694580041,0.5526184172957567,12.65699041828272
Dsn nominal,Ai2020 graphite Dsn function,6-8,0.5,Discharge,True,0.7200988726497854,48.9851110734447,37.03897150963328,48.9851110734447,37.03897150963328,47.308506574624374,0.5797881731583563,13.275690418282693
Dsn nominal,Ai2020 graphite Dsn function,6-5,1.0,Charge,True,1.1714665684008665,59.35192274539624,-43.256730359444646,59.35192274539624,-43.256730359444646,59.849662960346095,2.3424098955490567,44.49060919930892
Dsn nominal,Ai2020 graphite Dsn function,6-6,1.0,Charge,True,0.9214665684008665,56.901626528553344,-40.053907669495764,56.901626528553344,-40.053907669495764,57.376782095692725,1.8372267938520759,35.06850919930882
Dsn nominal,Ai2020 graphite Dsn function,6-8,1.0,Charge,True,0.6214665684008693,53.01457562626004,-34.586941164665475,53.01457562626004,-34.586941164665475,53.43810242450896,1.2550553725760498,24.09390919930887
Dsn nominal,Ai2020 graphite Dsn function,6-5,1.0,Discharge,True,0.6605896079026081,62.67483855287377,50.98238368013802,62.67483855287377,50.98238368013802,60.951175139927194,1.1057559350861303,24.99448946459193
Dsn nominal,Ai2020 graphite Dsn function,6-6,1.0,Discharge,True,0.6439229412359424,60.13252653460652,48.23641889308688,60.13252653460652,48.23641889308688,58.34521188384898,1.0819477298726674,24.46208946459194
Dsn nominal,Ai2020 graphite Dsn function,6-8,1.0,Discharge,True,0.610589607902611,54.31372034646743,41.72824496372875,54.31372034646743,41.72824496372875,52.420796979492046,1.0109207166817333,22.872289464591855
Dsn nominal,Ai2020 graphite Dsn function,6-5,2.0,Charge,True,1.1010956570960673,61.32225331765734,-38.53893165979185,61.32225331765734,-38.53893165979185,61.05145492278864,5.732911392592851,83.79075382299783
Dsn nominal,Ai2020 graphite Dsn function,6-6,2.0,Charge,True,1.1010956570960673,59.94836425063791,-36.62312232838251,59.94836425063791,-36.62312232838251,59.64370619309452,5.696507067955757,83.2873538229979
Dsn nominal,Ai2020 graphite Dsn function,6-8,2.0,Charge,True,0.5010956570960694,55.51747469301466,-26.932207173527196,55.51747469301466,-26.932207173527196,55.024779353809265,2.494189310079068,37.60635382299782
Dsn nominal,Ai2020 graphite Dsn function,6-5,2.0,Discharge,True,0.22121202840414256,40.987797349303804,35.57494580355796,40.987797349303804,35.57494580355796,40.66060807146552,0.7271399019861172,16.104702547727445
Dsn nominal,Ai2020 graphite Dsn function,6-6,2.0,Discharge,True,0.22121202840414256,39.18067910972911,33.621047487059606,39.18067910972911,33.621047487059606,38.80107915910124,0.7510539360969867,16.630402547727297
Dsn nominal,Ai2020 graphite Dsn function,6-8,2.0,Discharge,True,0.15454536173747613,30.123830688303496,22.428900122911067,30.123830688303496,22.428900122911067,29.542026983902623,0.5411379811977617,12.007302547727416
Dsp nominal,Ai2020 LiCoO2 Dsp function,6-5,0.5,Charge,False,-2.4206783929821256,,,46.69199536208433,-32.50005339041317,46.603503279834484,-2.141475938464168,-45.88481602758865
Dsp nominal,Ai2020 LiCoO2 Dsp function,6-6,0.5,Charge,False,-2.5706783929821313,,,45.34027145697705,-31.050291416405745,45.31237414193916,-2.2866409902393836,-49.06801602758826
Dsp nominal,Ai2020 LiCoO2 Dsp function,6-8,0.5,Charge,False,-2.754011726315454,,,43.521767236476286,-28.584665157833474,43.37545707206101,-2.4404508250822783,-52.451116027588455
Dsp nominal,Ai2020 LiCoO2 Dsp function,6-5,0.5,Discharge,True,0.3753455553996332,46.12095545533717,30.355165894387383,46.12095545533717,30.355165894387383,45.884658175287996,0.3087962803427656,7.070571116653213
Dsp nominal,Ai2020 LiCoO2 Dsp function,6-6,0.5,Discharge,True,0.3586788887329675,44.30677874165002,28.640406472110968,44.30677874165002,28.640406472110968,43.99303318272827,0.2804690617784827,6.423771116653043
Dsp nominal,Ai2020 LiCoO2 Dsp function,6-8,0.5,Discharge,True,0.39201222206629893,41.418583916257745,24.783553441485896,41.418583916257745,24.783553441485896,41.042138514660486,0.3075652816987672,7.042471116653015
Dsp nominal,Ai2020 LiCoO2 Dsp function,6-5,1.0,Charge,False,-1.3838181397646068,,,49.76898717565259,-31.41523166786857,50.1239087154376,-2.7697984505935174,-52.60822226731698
Dsp nominal,Ai2020 LiCoO2 Dsp function,6-6,1.0,Charge,False,-1.6338181397646068,,,47.81853115647481,-28.353398624421693,48.128389551713276,-3.249746644577642,-62.03032226731708
Dsp nominal,Ai2020 LiCoO2 Dsp function,6-8,1.0,Charge,False,-1.933818139764604,,,44.69304571763164,-23.000623264557166,44.90789872228574,-3.8028374373852696,-73.00492226731703
Dsp nominal,Ai2020 LiCoO2 Dsp function,6-5,1.0,Discharge,True,0.06622739223698915,46.28292221694455,25.544811472768714,46.28292221694455,25.544811472768714,46.41059289873025,0.10659528550826815,2.4094781281043254
Dsp nominal,Ai2020 LiCoO2 Dsp function,6-6,1.0,Discharge,True,0.04956072557032343,44.2564160651567,22.76176354375454,44.2564160651567,22.76176354375454,44.35222958666894,0.08302236088359435,1.877078128104337
Dsp nominal,Ai2020 LiCoO2 Dsp function,6-8,1.0,Discharge,True,0.01622739223699199,40.30230526508405,16.182634683067505,40.30230526508405,16.182634683067505,40.333293965503586,0.012697260219608666,0.28727812810425135
Dsp nominal,Ai2020 LiCoO2 Dsp function,6-5,2.0,Charge,False,-0.9451017332972,,,46.94439962990541,-23.979462781639462,46.35707092117576,-4.90669926340509,-71.71505050551885
Dsp nominal,Ai2020 LiCoO2 Dsp function,6-6,2.0,Charge,False,-0.9451017332972,,,45.62616896039765,-21.976703935194095,45.000013072578795,-4.939440321465755,-72.21845050551879
Dsp nominal,Ai2020 LiCoO2 Dsp function,6-8,2.0,Charge,False,-1.545101733297198,,,43.562010896438274,-12.512230326202994,42.55884530308047,-7.819517693715616,-117.89945050551887
Dsp nominal,Ai2020 LiCoO2 Dsp function,6-5,2.0,Discharge,False,-1.3349036106715992,,,39.32044718276674,-7.648765366443402,35.27812414410001,-4.612512807647041,-102.15798440140756
Dsp nominal,Ai2020 LiCoO2 Dsp function,6-6,2.0,Discharge,False,-1.3349036106715992,,,39.4087105729089,-9.709060332818604,35.35951226466128,-4.58986648189325,-101.6322844014077
Dsp nominal,Ai2020 LiCoO2 Dsp function,6-8,2.0,Discharge,False,-1.4015702773382657,,,43.520970478717715,-20.70229953558036,39.25342161622623,-4.788654568985809,-106.25538440140758
kn nominal,Ai2020 negative exchange-current function,6-5,0.5,Charge,False,-0.855973169366294,,,43.53597696463598,-30.68624383813052,43.04493467833635,-0.7540524132039355,-16.156873693307094
kn nominal,Ai2020 negative exchange-current function,6-6,0.5,Charge,False,-1.0059731693662997,,,42.153147432477226,-29.237023454070044,41.74059702818905,-0.901275593382477,-19.340073693306703
kn nominal,Ai2020 negative exchange-current function,6-8,0.5,Charge,False,-1.1893065026996226,,,40.44357560501856,-26.78335113483521,39.87262203369515,-1.0572661210707204,-22.723173693306897
kn nominal,Ai2020 negative exchange-current function,6-5,0.5,Discharge,True,0.7981912787757892,48.654482788479044,34.49529728967264,48.654482788479044,34.49529728967264,46.77728746321142,0.6596477943885455,15.104089456616787
kn nominal,Ai2020 negative exchange-current function,6-6,0.5,Discharge,True,0.7815246121091235,46.8787086319823,32.792323620960204,46.8787086319823,32.792323620960204,44.89006825217443,0.6312214953059977,14.457289456616618
kn nominal,Ai2020 negative exchange-current function,6-8,0.5,Discharge,True,0.8148579454424549,44.04131600954222,28.91183200069435,44.04131600954222,28.91183200069435,41.811164051064196,0.6584124900629514,15.07598945661659
kn nominal,Ai2020 negative exchange-current function,6-5,1.0,Charge,True,0.3089602791032533,48.70154069577792,-28.91442253118014,48.70154069577792,-28.91442253118014,48.82980244464221,0.6168441154785931,11.716041044224967
kn nominal,Ai2020 negative exchange-current function,6-6,1.0,Charge,True,0.0589602791032533,46.70794936236229,-25.706207990772747,46.70794936236229,-25.706207990772747,46.77766172668828,0.12017875998133395,2.2939410442248676
kn nominal,Ai2020 negative exchange-current function,6-8,1.0,Charge,False,-0.24103972089674386,,,43.822724510678675,-20.365733767515277,43.77709902113567,-0.4521768373003757,-8.680658955775078
kn nominal,Ai2020 negative exchange-current function,6-5,1.0,Discharge,True,0.7716082512476916,55.14982259429822,38.826408546152365,55.14982259429822,38.826408546152365,52.64133768511445,1.2923853285372064,29.21305728808976
kn nominal,Ai2020 negative exchange-current function,6-6,1.0,Discharge,True,0.7549415845810259,52.87886953262289,36.08876570090607,52.87886953262289,36.08876570090607,50.27917545064935,1.2685331761630994,28.680657288089773
kn nominal,Ai2020 negative exchange-current function,6-8,1.0,Discharge,True,0.7216082512476945,47.84657931097317,29.59990242234529,47.84657931097317,29.59990242234529,45.07544036499519,1.197375055417824,27.090857288089687
kn nominal,Ai2020 negative exchange-current function,6-5,2.0,Charge,True,0.4484563409892566,49.32117155420199,-21.26274329581855,49.32117155420199,-21.26274329581855,48.612871764956495,2.3393833513716213,34.19182350274297
kn nominal,Ai2020 negative exchange-current function,6-6,2.0,Charge,True,0.4484563409892566,48.30739515413678,-19.346933964409207,48.30739515413678,-19.346933964409207,47.55951938336406,2.304147433948994,33.688423502743035
kn nominal,Ai2020 negative exchange-current function,6-8,2.0,Charge,False,-0.1515436590107413,,,46.6189119809205,-9.732906795672532,45.587661108231174,-0.7953910193088631,-11.992576497257046
kn nominal,Ai2020 negative exchange-current function,6-5,2.0,Discharge,True,0.2642072443394312,29.911409043532526,21.148168770735378,29.911409043532526,21.148168770735378,28.977540571032346,0.874673617029603,19.372280891381433
kn nominal,Ai2020 negative exchange-current function,6-6,2.0,Discharge,True,0.2642072443394312,28.413044647727315,19.194270454237017,28.413044647727315,19.194270454237017,27.39341758983699,0.8986226777112406,19.897980891381284
kn nominal,Ai2020 negative exchange-current function,6-8,2.0,Discharge,True,0.19754057767276478,22.18566166180215,8.050912110792204,22.18566166180215,8.050912110792204,20.800338304786628,0.6883992616778732,15.274880891381404
kp nominal,Ai2020 positive exchange-current function,6-5,0.5,Charge,True,1.322759901956175,59.05623329391779,-51.622402597048456,59.05623329391779,-51.622402597048456,59.152945047305906,1.1778293705290335,25.23702601924871
kp nominal,Ai2020 positive exchange-current function,6-6,0.5,Charge,True,1.1727599019561694,57.501675115583794,-50.122482597115265,57.501675115583794,-50.122482597115265,57.632902466925636,1.0277404030126118,22.0538260192491
kp nominal,Ai2020 positive exchange-current function,6-8,0.5,Charge,True,0.9894265686228465,55.27103972760474,-47.616558438175424,55.27103972760474,-47.616558438175424,55.31661737542447,0.8687134263186067,18.670726019248907
kp nominal,Ai2020 positive exchange-current function,6-5,0.5,Discharge,True,0.9490281838506149,66.95463216178655,55.562185056294695,66.95463216178655,55.562185056294695,65.04503391085447,0.7848030309058597,17.969794313666743
kp nominal,Ai2020 positive exchange-current function,6-6,0.5,Discharge,True,0.9323615171839492,65.092734229858,53.8613847246608,65.092734229858,53.8613847246608,63.08843843876479,0.7563413879664344,17.322994313666573
kp nominal,Ai2020 positive exchange-current function,6-8,0.5,Discharge,True,0.9656948505172807,61.763916712459974,49.976553718171424,61.763916712459974,49.976553718171424,59.55787729407059,0.7835661906638539,17.941694313666545
kp nominal,Ai2020 positive exchange-current function,6-5,1.0,Charge,True,2.0355403285293647,71.73108091010313,-61.747897852429595,71.73108091010313,-61.747897852429595,72.14306571560219,4.07111162263882,77.32474002682288
kp nominal,Ai2020 positive exchange-current function,6-6,1.0,Charge,True,1.7855403285293647,68.88936704861413,-58.52973013276499,68.88936704861413,-58.52973013276499,69.28419461778603,3.5573952950651826,67.90264002682278
kp nominal,Ai2020 positive exchange-current function,6-8,1.0,Charge,True,1.4855403285293676,64.17885637405402,-53.044343009519864,64.17885637405402,-53.044343009519864,64.53153611490976,2.9653902110637103,56.928040026822835
kp nominal,Ai2020 positive exchange-current function,6-5,1.0,Discharge,True,0.8969018896334902,81.9850927336655,71.12961023537336,81.9850927336655,71.12961023537336,79.7977882501505,1.503011895667366,33.974056841474805
kp nominal,Ai2020 positive exchange-current function,6-6,1.0,Discharge,True,0.8802352229668244,79.36576236595307,68.3945066077738,79.36576236595307,68.3945066077738,77.1075245170481,1.4791101453204503,33.441656841474824
kp nominal,Ai2020 positive exchange-current function,6-8,1.0,Discharge,True,0.846901889633493,73.28261147760473,61.91083643669743,73.28261147760473,61.91083643669743,70.90951301855173,1.4078040589541918,31.851856841474735
kp nominal,Ai2020 positive exchange-current function,6-5,2.0,Charge,True,1.8087810809585427,76.22328772720749,-62.746352280156295,76.22328772720749,-62.746352280156295,76.21592592425371,9.412662628799092,137.5730485155693
kp nominal,Ai2020 positive exchange-current function,6-6,2.0,Charge,True,1.8087810809585427,74.5093894666442,-60.83054294874696,74.5093894666442,-60.83054294874696,74.47188986828002,9.374991348993333,137.06964851556936
kp nominal,Ai2020 positive exchange-current function,6-8,2.0,Charge,True,1.2087810809585449,67.54513655987353,-51.052946935980636,67.54513655987353,-51.052946935980636,67.379032328092,6.061225485005973,91.38864851556927
kp nominal,Ai2020 positive exchange-current function,6-5,2.0,Discharge,True,0.45819903352349556,64.13091479065346,60.73134510510314,64.13091479065346,60.73134510510314,63.90486247519668,1.5403367314871554,34.11539487268156
kp nominal,Ai2020 positive exchange-current function,6-6,2.0,Discharge,True,0.45819903352349556,62.22203884000037,58.777446788604784,62.22203884000037,58.777446788604784,61.94296551351261,1.5644438299175167,34.64109487268141
kp nominal,Ai2020 positive exchange-current function,6-8,2.0,Discharge,True,0.39153236685682913,51.74805784476723,47.635075966403996,51.74805784476723,47.635075966403996,51.3808206060089,1.352833168019246,30.01799487268153
Rn nominal,Ai2020 negative particle radius,6-5,0.5,Charge,False,-0.4926365573482485,,,45.695376958723486,-33.21048252015928,45.53028515225561,-0.4318819778440533,-9.253816371720625
Rn nominal,Ai2020 negative particle radius,6-6,0.5,Charge,False,-0.6426365573482542,,,44.299244432356225,-31.761165393281882,44.209442388621724,-0.5795830712997261,-12.437016371720233
Rn nominal,Ai2020 negative particle radius,6-8,0.5,Charge,False,-0.8259698906815771,,,42.526151898999224,-29.311647406218263,42.30999464327573,-0.7360799726731356,-15.820116371720427
Rn nominal,Ai2020 negative particle radius,6-5,0.5,Discharge,True,0.6764527802638725,49.28724251565024,36.70947655350624,49.28724251565024,36.70947655350624,47.872799532834065,0.5586366355679185,12.791216447835652
Rn nominal,Ai2020 negative particle radius,6-6,0.5,Discharge,True,0.6597861135972067,47.45677153541363,35.00167691281536,47.45677153541363,35.00167691281536,45.94724248484307,0.530238862051218,12.144416447835482
Rn nominal,Ai2020 negative particle radius,6-8,0.5,Discharge,True,0.6931194469305382,44.451412079314814,31.1305994476258,44.451412079314814,31.1305994476258,42.727714392493276,0.5574025708604252,12.763116447835454
Rn nominal,Ai2020 negative particle radius,6-5,1.0,Charge,True,0.5634778103338007,52.573835751475805,-32.69751443501487,52.573835751475805,-32.69751443501487,52.97328801488273,1.1260424225159893,21.38750927290589
Rn nominal,Ai2020 negative particle radius,6-6,1.0,Charge,True,0.31347781033380073,50.464395498378394,-29.49307433638502,50.464395498378394,-29.49307433638502,50.82657716988601,0.6268635598579104,11.965409272905791
Rn nominal,Ai2020 negative particle radius,6-8,1.0,Charge,True,0.013477810333803575,47.270019453864165,-24.024354619351843,47.270019453864165,-24.024354619351843,47.55094450212361,0.05161140481073622,0.990809272905846
Rn nominal,Ai2020 negative particle radius,6-5,1.0,Discharge,True,0.6452664256866782,55.901236132458,42.01983159426825,55.901236132458,42.01983159426825,54.02669142971182,1.0799966921649966,24.41222794975051
Rn nominal,Ai2020 negative particle radius,6-6,1.0,Discharge,True,0.6285997590200125,53.49034488223565,39.27358991970878,53.49034488223565,39.27358991970878,51.54612789101689,1.0561945526926573,23.87982794975052
Rn nominal,Ai2020 negative particle radius,6-8,1.0,Discharge,True,0.5952664256866811,48.07913987430239,32.76563647465916,48.07913987430239,32.76563647465916,46.011418869763496,0.9851856354258358,22.290027949750435
Rn nominal,Ai2020 negative particle radius,6-5,2.0,Charge,True,0.6316547576632985,53.742325988210816,-25.164900131516564,53.742325988210816,-25.164900131516564,53.22961040549235,3.2919599871146925,48.114437845991674
Rn nominal,Ai2020 negative particle radius,6-6,2.0,Charge,True,0.6316547576632985,52.66003067429354,-23.24909080010722,52.66003067429354,-23.24909080010722,52.1115441338671,3.2563960932026967,47.611037845991746
Rn nominal,Ai2020 negative particle radius,6-8,2.0,Charge,True,0.031654757663300614,50.20795249256257,-13.559476932799509,50.20795249256257,-13.559476932799509,49.4258282752255,0.12800708588176257,1.9300378459916612
Rn nominal,Ai2020 negative particle radius,6-5,2.0,Discharge,True,0.18927231286517454,32.36864496724211,24.79162722303988,32.36864496724211,24.79162722303988,31.73498771655449,0.6175420132817288,13.677327303125875
Rn nominal,Ai2020 negative particle radius,6-6,2.0,Discharge,True,0.18927231286517454,30.73270698639303,22.83772890654152,30.73270698639303,22.83772890654152,30.031087723951266,0.6414300273184503,14.203027303125726
Rn nominal,Ai2020 negative particle radius,6-8,2.0,Discharge,True,0.12260564619850811,23.52876199045861,11.658466453344834,23.52876199045861,11.658466453344834,22.494986126728524,0.43174247506705904,9.579927303125846
Rp nominal,Ai2020 positive particle radius,6-5,0.5,Charge,True,1.1881615022679597,56.8797096433986,-49.13659678636697,56.8797096433986,-49.13659678636697,56.89811164206694,1.0584810208390727,22.67978175123808
Rp nominal,Ai2020 positive particle radius,6-6,0.5,Charge,True,1.038161502267954,55.330377250355525,-47.63829562858076,55.330377250355525,-47.63829562858076,55.38805791951832,0.9085690967588582,19.496581751238473
Rp nominal,Ai2020 positive particle radius,6-8,0.5,Charge,True,0.8548281689346311,53.137420476222324,-45.13433886188152,53.137420476222324,-45.13433886188152,53.100058453860235,0.7497297066867711,16.11348175123828
Rp nominal,Ai2020 positive particle radius,6-5,0.5,Discharge,True,0.9436457723055014,64.40532107718144,52.95112152035711,64.40532107718144,52.95112152035711,62.449307273385045,0.7803370350699788,17.86753550041542
Rp nominal,Ai2020 positive particle radius,6-6,0.5,Discharge,True,0.9269791056388357,62.5509628278997,51.25031864593348,62.5509628278997,51.25031864593348,60.4974422864249,0.7518766533284228,17.220735500415252
Rp nominal,Ai2020 positive particle radius,6-8,0.5,Discharge,True,0.9603124389721671,59.259804487154305,47.36548999282691,59.259804487154305,47.36548999282691,56.99496371741593,0.7791002496350787,17.839435500415224
Rp nominal,Ai2020 positive particle radius,6-5,1.0,Charge,True,1.9221433021253702,68.48421194276612,-57.71766297063036,68.48421194276612,-57.71766297063036,68.8520818399962,3.8442448383005514,73.01574122115828
Rp nominal,Ai2020 positive particle radius,6-6,1.0,Charge,True,1.6721433021253702,65.70074432615819,-54.508939143775216,65.70074432615819,-54.508939143775216,66.04742015484527,3.331648371651637,63.59364122115818
Rp nominal,Ai2020 positive particle radius,6-8,1.0,Charge,True,1.372143302125373,61.10989707127881,-49.03483342468448,61.10989707127881,-49.03483342468448,61.405772595939546,2.740933811866013,52.619041221158234
Rp nominal,Ai2020 positive particle radius,6-5,1.0,Discharge,True,0.8938555850034291,78.00551247941313,66.97340763196692,78.00551247941313,66.97340763196692,75.73418755344761,1.497890864025788,33.85830112418509
Rp nominal,Ai2020 positive particle radius,6-6,1.0,Discharge,True,0.8771889183367634,75.4084239885716,64.23848488178979,75.4084239885716,64.23848488178979,73.06140691997875,1.4739903195703776,33.325901124185094
Rp nominal,Ai2020 positive particle radius,6-8,1.0,Discharge,True,0.8438555850034319,69.38499155789285,57.755356732923154,69.38499155789285,57.755356732923154,66.90977810346418,1.4026878307399726,31.736101124185012
Rp nominal,Ai2020 positive particle radius,6-5,2.0,Charge,True,1.706697682547066,71.93710424694251,-57.15862330182634,71.93710424694251,-57.15862330182634,71.84905412763062,8.881859677608498,129.81496952812898
Rp nominal,Ai2020 positive particle radius,6-6,2.0,Charge,True,1.706697682547066,70.2766389037464,-55.24281397041699,70.2766389037464,-55.24281397041699,70.15719849445051,8.844371155684833,129.31156952812904
Rp nominal,Ai2020 positive particle radius,6-8,2.0,Charge,True,1.1066976825470682,63.74892007174017,-45.52824800016778,63.74892007174017,-45.52824800016778,63.479165820815865,5.546681645730886,83.63056952812897
Rp nominal,Ai2020 positive particle radius,6-5,2.0,Discharge,True,0.44640550698568404,59.53552246910862,55.95937952514289,59.53552246910862,55.95937952514289,59.244454686722264,1.4998684434291014,33.21910278362061
Rp nominal,Ai2020 positive particle radius,6-6,2.0,Discharge,True,0.44640550698568404,57.64458578690685,54.005481208644554,57.64458578690685,54.005481208644554,57.29830161056337,1.5239659341209528,33.744802783620464
Rp nominal,Ai2020 positive particle radius,6-8,2.0,Discharge,True,0.3797388403190176,47.310255177469216,42.86584014353829,47.310255177469216,42.86584014353829,46.85252828041862,1.3124396083741814,29.121702783620584
Electrode width nominal,Ai2020 width; changes common reaction area without capacity preservation,6-5,0.5,Charge,True,4.691322549446468,58.682914627362436,-52.73611944683411,58.682914627362436,-52.73611944683411,58.5355957902207,4.164732585845706,89.23657981545486
Electrode width nominal,Ai2020 width; changes common reaction area without capacity preservation,6-6,0.5,Charge,True,4.541322549446463,57.112999501820305,-51.27196404995659,57.112999501820305,-51.27196404995659,57.00953251566217,4.010212793686698,86.05337981545524
Electrode width nominal,Ai2020 width; changes common reaction area without capacity preservation,6-8,0.5,Charge,True,4.35798921611314,54.959627330380485,-48.809984046692705,54.959627330380485,-48.809984046692705,54.75442184674725,3.8464911305088596,82.67027981545505
Electrode width nominal,Ai2020 width; changes common reaction area without capacity preservation,6-5,0.5,Discharge,True,5.177877120847086,93.61796381509366,62.660397103041575,93.61796381509366,62.660397103041575,82.82024307251787,4.293643182745834,98.31241956489745
Electrode width nominal,Ai2020 width; changes common reaction area without capacity preservation,6-6,0.5,Discharge,True,5.16121045418042,92.22839430469527,61.00907182865575,92.22839430469527,61.00907182865575,81.2635876169705,4.264190642840497,97.66561956489727
Electrode width nominal,Ai2020 width; changes common reaction area without capacity preservation,6-8,0.5,Discharge,True,5.1945437875137515,89.53826359444834,57.02635777987987,89.53826359444834,57.02635777987987,78.19349347468537,4.292363281699301,98.28431956489725
Electrode width nominal,Ai2020 width; changes common reaction area without capacity preservation,6-5,1.0,Charge,True,3.3447325655888918,68.37476961780733,-56.63092718344926,68.37476961780733,-56.63092718344926,68.56580139363398,6.690335797390699,127.0730267744562
Electrode width nominal,Ai2020 width; changes common reaction area without capacity preservation,6-6,1.0,Charge,True,3.0947325655888918,65.6760893101558,-53.534040940540024,65.6760893101558,-53.534040940540024,65.8430527032214,6.163690442701213,117.6509267744561
Electrode width nominal,Ai2020 width; changes common reaction area without capacity preservation,6-8,1.0,Charge,True,2.7947325655888946,61.282396906804436,-48.195711176969596,61.282396906804436,-48.195711176969596,61.38885391220639,5.556785988419013,106.67632677445616
Electrode width nominal,Ai2020 width; changes common reaction area without capacity preservation,6-5,1.0,Discharge,True,2.9846589847106912,95.09436580036358,71.58249070166652,95.09436580036358,71.58249070166652,87.48703176670018,5.01266422600933,113.30618196208731
Electrode width nominal,Ai2020 width; changes common reaction area without capacity preservation,6-6,1.0,Discharge,True,2.9679923180440255,92.99071210002167,68.91172107974376,92.99071210002167,68.91172107974376,85.14261203597869,4.987936028917264,112.77378196208731
Electrode width nominal,Ai2020 width; changes common reaction area without capacity preservation,6-8,1.0,Discharge,True,2.934658984710694,88.09073830750503,62.56029738004254,88.09073830750503,62.56029738004254,79.83515751208506,4.914164404164418,111.18398196208723
Electrode width nominal,Ai2020 width; changes common reaction area without capacity preservation,6-5,2.0,Charge,True,2.236737492566352,69.62395258233343,-52.61623409178603,69.62395258233343,-52.61623409178603,69.34556947157368,11.637907181754931,170.09664878847718
Electrode width nominal,Ai2020 width; changes common reaction area without capacity preservation,6-6,2.0,Charge,True,2.236737492566352,68.06779017876201,-50.700424760376684,68.06779017876201,-50.700424760376684,67.75779293618925,11.599469740079273,169.59324878847727
Electrode width nominal,Ai2020 width; changes common reaction area without capacity preservation,6-8,2.0,Charge,True,1.636737492566354,62.33276291627793,-41.44404855938251,62.33276291627793,-41.44404855938251,61.861413714534514,8.218308208520725,123.91224878847717
Electrode width nominal,Ai2020 width; changes common reaction area without capacity preservation,6-5,2.0,Discharge,True,1.522999249442968,70.59117259236295,63.109581640832296,70.59117259236295,63.109581640832296,68.40380817595516,5.194090485629376,115.03877321071477
Electrode width nominal,Ai2020 width; changes common reaction area without capacity preservation,6-6,2.0,Discharge,True,1.522999249442968,68.90915385886287,61.15568332433393,68.90915385886287,61.15568332433393,66.57040223266888,5.219065036386829,115.56447321071461
Electrode width nominal,Ai2020 width; changes common reaction area without capacity preservation,6-8,2.0,Discharge,True,1.4563325827763016,59.24584667763449,50.29554204721034,59.24584667763449,50.29554204721034,56.470533394906916,4.99983993006957,110.94137321071473
csn_max nominal,Ai2020 negative maximum concentration,6-5,0.5,Charge,True,2.8438957098394013,58.6120336372722,-52.02558603019448,58.6120336372722,-52.02558603019448,58.51250045996331,2.5266199114693446,54.137190022578
csn_max nominal,Ai2020 negative maximum concentration,6-6,0.5,Charge,True,2.6938957098393956,57.028873278215954,-50.54000312169612,57.028873278215954,-50.54000312169612,56.97153438175364,2.3745301243964536,50.95399002257839
csn_max nominal,Ai2020 negative maximum concentration,6-8,0.5,Charge,True,2.5105623765060727,54.80293999909565,-48.051871437081985,54.80293999909565,-48.051871437081985,54.642512326245374,2.2133831765264147,47.5708900225782
csn_max nominal,Ai2020 negative maximum concentration,6-5,0.5,Discharge,True,7.946985131027205,107.20874224433733,68.5433460277926,107.20874224433733,68.5433460277926,94.74925342722925,6.591279611868972,150.92186730272505
csn_max nominal,Ai2020 negative maximum concentration,6-6,0.5,Discharge,True,7.930318464360539,105.8553080217939,66.9017850000524,105.8553080217939,66.9017850000524,93.2441421237227,6.5611782191040415,150.2750673027249
csn_max nominal,Ai2020 negative maximum concentration,6-8,0.5,Discharge,True,7.9636517976938705,103.18041602906038,62.899476929692185,103.18041602906038,62.899476929692185,90.2191552696933,6.5899715140198305,150.89376730272485
csn_max nominal,Ai2020 negative maximum concentration,6-5,1.0,Charge,True,2.9845487345064896,68.3111154102407,-58.0930064009244,68.3111154102407,-58.0930064009244,68.48895867624933,5.969737117517179,113.38632133630489
csn_max nominal,Ai2020 negative maximum concentration,6-6,1.0,Charge,True,2.7345487345064896,65.54219056136634,-54.958620435554565,65.54219056136634,-54.958620435554565,65.69439909415169,5.446648785537523,103.96422133630479
csn_max nominal,Ai2020 negative maximum concentration,6-8,1.0,Charge,True,2.4345487345064925,60.99401371456808,-49.57531532558667,60.99401371456808,-49.57531532558667,61.08060752401305,4.843843433065215,92.98962133630484
csn_max nominal,Ai2020 negative maximum concentration,6-5,1.0,Discharge,True,4.565733190092203,108.45756463394994,77.63483628894141,108.45756463394994,77.63483628894141,99.69955572266649,7.670550424765424,173.38499907259086
csn_max nominal,Ai2020 negative maximum concentration,6-6,1.0,Discharge,True,4.549066523425537,106.47344166374901,74.979963357167,106.47344166374901,74.979963357167,97.47274738049607,7.645196353315672,172.85259907259086
csn_max nominal,Ai2020 negative maximum concentration,6-8,1.0,Discharge,True,4.515733190092206,101.83549445160082,68.66122741470053,101.83549445160082,68.66122741470053,92.46118183559358,7.569557557734094,171.26279907259078
csn_max nominal,Ai2020 negative maximum concentration,6-5,2.0,Charge,True,2.366168039911976,71.20211277515554,-55.96887443211372,71.20211277515554,-55.96887443211372,70.94258277684692,12.310907077666984,179.9330416331546
csn_max nominal,Ai2020 negative maximum concentration,6-6,2.0,Charge,True,2.366168039911976,69.5888959934367,-54.05306510070437,69.5888959934367,-54.05306510070437,69.29774574742922,12.272237919051264,179.42964163315466
csn_max nominal,Ai2020 negative maximum concentration,6-8,2.0,Charge,True,1.7661680399119781,63.47917966065238,-44.76362018742842,63.47917966065238,-44.76362018742842,63.023220050172014,8.87069333467271,133.7486416331546
csn_max nominal,Ai2020 negative maximum concentration,6-5,2.0,Discharge,True,2.198516812422696,84.89473620563585,72.05523985226715,84.89473620563585,72.05523985226715,81.56912486453645,7.512060368453698,166.37719567317654
csn_max nominal,Ai2020 negative maximum concentration,6-6,2.0,Discharge,True,2.198516812422696,83.32860471264597,70.10134153576878,83.32860471264597,70.10134153576878,79.80849087767082,7.537585237734041,166.9028956731764
csn_max nominal,Ai2020 negative maximum concentration,6-8,2.0,Discharge,True,2.1318501457560295,74.36939207664354,59.39176574627611,74.36939207664354,59.39176574627611,70.31955106542942,7.313529468480713,162.27979567317652
csp_max nominal,Ai2020 positive maximum concentration,6-5,0.5,Charge,True,1.8290599593296406,52.284323732682566,-44.35771477146645,52.284323732682566,-44.35771477146645,52.14674192621251,1.6267654383829477,34.85625568773587
csp_max nominal,Ai2020 positive maximum concentration,6-6,0.5,Charge,True,1.679059959329635,50.740693241802774,-42.87332081936731,50.740693241802774,-42.87332081936731,50.65508932184428,1.4760105112257207,31.673055687736262
csp_max nominal,Ai2020 positive maximum concentration,6-8,0.5,Charge,True,1.495726625996312,48.65498279401354,-40.38647199570292,48.65498279401354,-40.38647199570292,48.45577717585692,1.3162779160573532,28.289955687736068
csp_max nominal,Ai2020 positive maximum concentration,6-5,0.5,Discharge,True,1.0117748208458153,59.606683068342555,46.55330291342907,59.606683068342555,46.55330291342907,57.1349132715198,0.8368663518146628,19.161898741369754
csp_max nominal,Ai2020 positive maximum concentration,6-6,0.5,Discharge,True,0.9951081541791496,57.80661089224135,44.8554983428425,57.80661089224135,44.8554983428425,55.2220694140401,0.8083900061858897,18.515098741369584
csp_max nominal,Ai2020 positive maximum concentration,6-8,0.5,Discharge,True,1.028441487512481,54.70702114134981,40.96470391271441,54.70702114134981,40.96470391271441,51.86796470017567,0.8356288726468618,19.133798741369556
csp_max nominal,Ai2020 positive maximum concentration,6-5,1.0,Charge,True,1.8541209548114352,61.06475317608123,-47.68753811418993,61.06475317608123,-47.68753811418993,61.34091731546254,3.7081565149324134,70.43094492949908
csp_max nominal,Ai2020 positive maximum concentration,6-6,1.0,Charge,True,1.6041209548114352,58.47585589865964,-44.51929953939671,58.47585589865964,-44.51929953939671,58.7229103190697,3.1962318081274774,61.008844929498984
csp_max nominal,Ai2020 positive maximum concentration,6-8,1.0,Charge,True,1.304120954811438,54.305647153706005,-39.09437561254945,54.305647153706005,-39.09437561254945,54.48411693921598,2.6062913822782656,50.03424492949904
csp_max nominal,Ai2020 positive maximum concentration,6-5,1.0,Discharge,True,0.9150831758317111,68.94487906396732,55.54353674690523,68.94487906396732,55.54353674690523,66.2458719624596,1.5335757929831444,34.66492268737831
csp_max nominal,Ai2020 positive maximum concentration,6-6,1.0,Discharge,True,0.8984165091650453,66.47514515409013,52.811874842254646,66.47514515409013,52.811874842254646,63.68281988812606,1.5096668455035562,34.13252268737832
csp_max nominal,Ai2020 positive maximum concentration,6-8,1.0,Discharge,True,0.8650831758317139,60.7991367712877,46.335485392359544,60.7991367712877,46.335485392359544,57.83771442655573,1.438339287933035,32.54272268737823
csp_max nominal,Ai2020 positive maximum concentration,6-5,2.0,Charge,True,1.3514882126182357,61.76215800959441,-42.76769191306072,61.76215800959441,-42.76769191306072,61.45471496351635,7.034877329224303,102.81995204559146
csp_max nominal,Ai2020 positive maximum concentration,6-6,2.0,Charge,True,1.3514882126182357,60.28569426817264,-40.85188258165139,60.28569426817264,-40.85188258165139,59.94289078609692,6.998024731764685,102.31655204559154
csp_max nominal,Ai2020 positive maximum concentration,6-8,2.0,Charge,True,0.7514882126182378,55.17665706853641,-31.233607091272884,55.17665706853641,-31.233607091272884,54.62803141175177,3.756274515402628,56.63555204559145
csp_max nominal,Ai2020 positive maximum concentration,6-5,2.0,Discharge,True,0.4274788928640696,45.71000899312212,40.7323524533696,45.71000899312212,40.7323524533696,45.12822400546656,1.4349236900695863,31.780705671821785
csp_max nominal,Ai2020 positive maximum concentration,6-6,2.0,Discharge,True,0.4274788928640696,43.916121197850764,38.77845413687124,43.916121197850764,38.77845413687124,43.26384665868825,1.4590057619671715,32.306405671821636
csp_max nominal,Ai2020 positive maximum concentration,6-8,2.0,Discharge,True,0.36081222619740316,34.35354005535327,27.660259973232698,34.35354005535327,27.660259973232698,33.488134593272044,1.2476147814702547,27.683305671821756
Positive OCP nominal,Ai2020 cathode OCP on the currently selected stoichiometric window,6-5,0.5,Charge,True,0.8986212554960957,76.34136991966594,-68.71521196861319,76.34136991966594,-68.71521196861319,76.39940553570351,0.8017457944092464,17.178786656713463
Positive OCP nominal,Ai2020 cathode OCP on the currently selected stoichiometric window,6-6,0.5,Charge,True,0.74862125549609,74.75430900151565,-67.18619723350497,74.75430900151565,-67.18619723350497,74.83913600253425,0.6522147158690053,13.995586656713854
Positive OCP nominal,Ai2020 cathode OCP on the currently selected stoichiometric window,6-8,0.5,Charge,True,0.5652879221627671,72.39199830850389,-64.64514515468,72.39199830850389,-64.64514515468,72.38854636249751,0.4937788512246131,10.61248665671366
Positive OCP nominal,Ai2020 cathode OCP on the currently selected stoichiometric window,6-5,0.5,Discharge,True,0.7471390145162502,28.660271682902113,17.3421815332711,28.660271682902113,17.3421815332711,26.675569538380106,0.6172877485829236,14.134162888716162
Positive OCP nominal,Ai2020 cathode OCP on the currently selected stoichiometric window,6-6,0.5,Discharge,True,0.7304723478495845,26.992279978623234,15.63851048393953,26.992279978623234,15.63851048393953,24.84273244520585,0.5888734119834323,13.487362888715992
Positive OCP nominal,Ai2020 cathode OCP on the currently selected stoichiometric window,6-8,0.5,Discharge,True,0.7638056811829159,24.787876139898938,11.759823294515556,24.787876139898938,11.759823294515556,22.285563844688603,0.6160529641036527,14.106062888715964
Positive OCP nominal,Ai2020 cathode OCP on the currently selected stoichiometric window,6-5,1.0,Charge,True,1.6350663992496806,81.18971594712022,-72.94980011042888,81.18971594712022,-72.94980011042888,81.46249652611505,3.2699069047716183,62.10704219391783
Positive OCP nominal,Ai2020 cathode OCP on the currently selected stoichiometric window,6-6,1.0,Charge,True,1.3850663992496806,78.22640578163397,-69.6491777955419,78.22640578163397,-69.6491777955419,78.46892424363519,2.760145487824763,52.68494219391773
Positive OCP nominal,Ai2020 cathode OCP on the currently selected stoichiometric window,6-8,1.0,Charge,True,1.0850663992496834,73.23928718467566,-64.05992528552521,73.23928718467566,-64.05992528552521,73.4154072820247,2.17269803042022,41.71034219391778
Positive OCP nominal,Ai2020 cathode OCP on the currently selected stoichiometric window,6-5,1.0,Discharge,True,0.6770771521081329,38.11512082216201,26.478155604139648,38.11512082216201,26.478155604139648,35.84330701808128,1.133472544493888,25.620995260179136
Positive OCP nominal,Ai2020 cathode OCP on the currently selected stoichiometric window,6-6,1.0,Discharge,True,0.6604104854414672,35.87262310883427,23.734517277018927,35.87262310883427,23.734517277018927,33.48086662583514,1.109657812622091,25.088595260179147
Positive OCP nominal,Ai2020 cathode OCP on the currently selected stoichiometric window,6-8,1.0,Discharge,True,0.6270771521081357,31.103106557218055,17.23403898546124,31.103106557218055,17.23403898546124,28.451660682151406,1.0386113284528353,23.49879526017906
Positive OCP nominal,Ai2020 cathode OCP on the currently selected stoichiometric window,6-5,2.0,Charge,True,1.6320833492297098,82.08102756186287,-70.77246047962895,82.08102756186287,-70.77246047962895,82.07671590972016,8.493887598482285,124.14446971641668
Positive OCP nominal,Ai2020 cathode OCP on the currently selected stoichiometric window,6-6,2.0,Charge,True,1.6320833492297098,80.2789605864717,-68.85665114821958,80.2789605864717,-68.85665114821958,80.24178626136731,8.456532657118661,123.64106971641675
Positive OCP nominal,Ai2020 cathode OCP on the currently selected stoichiometric window,6-8,2.0,Charge,True,1.032083349229712,72.62178800002333,-58.75213082119441,72.62178800002333,-58.75213082119441,72.4207545723097,5.1705936027436135,77.96006971641667
Positive OCP nominal,Ai2020 cathode OCP on the currently selected stoichiometric window,6-5,2.0,Discharge,True,0.03529063363181706,22.957926302826568,11.955790058221698,22.957926302826568,11.955790058221698,22.3692194819985,0.08916952597699156,1.9749276422031947
Positive OCP nominal,Ai2020 cathode OCP on the currently selected stoichiometric window,6-6,2.0,Discharge,True,0.03529063363181706,21.816486403080223,10.001891741723338,21.816486403080223,10.001891741723338,21.18547127044297,0.11293209698319577,2.500627642203046
Positive OCP nominal,Ai2020 cathode OCP on the currently selected stoichiometric window,6-8,2.0,Discharge,False,-0.03137603303484937,,,20.051341139036527,-1.2124519673796816,19.191416632936345,-0.09565432388172934,-2.122472357796834
All dynamic nominal,"De, Dsn, Dsp, kn, kp, Rn, Rp reverted together; OCP/window/inventory retained",6-5,0.5,Charge,True,1.403315378059446,62.139360894796575,-50.8120468399506,62.139360894796575,-50.8120468399506,62.51131284697622,1.2492578804792749,26.767505059112295
All dynamic nominal,"De, Dsn, Dsp, kn, kp, Rn, Rp reverted together; OCP/window/inventory retained",6-6,0.5,Charge,True,1.2533153780594404,60.636620521726485,-49.31384374635328,60.636620521726485,-49.31384374635328,61.05404453857168,1.0990629546577941,23.584305059112687
All dynamic nominal,"De, Dsn, Dsp, kn, kp, Rn, Rp reverted together; OCP/window/inventory retained",6-8,0.5,Charge,True,1.0699820447261175,58.54454636833728,-46.80997382081492,58.54454636833728,-46.80997382081492,58.88915618588416,0.9399237096925894,20.201205059112493
All dynamic nominal,"De, Dsn, Dsp, kn, kp, Rn, Rp reverted together; OCP/window/inventory retained",6-5,0.5,Discharge,True,0.3182232137251759,65.39930983401283,54.14892616709101,65.39930983401283,54.14892616709101,65.31061182742079,0.2613996556298696,5.985320979087216
All dynamic nominal,"De, Dsn, Dsp, kn, kp, Rn, Rp reverted together; OCP/window/inventory retained",6-6,0.5,Discharge,True,0.3015565470585102,63.46719359508055,52.4256015944753,63.46719359508055,52.4256015944753,63.3108629440464,0.23308582187925453,5.338520979087047
All dynamic nominal,"De, Dsn, Dsp, kn, kp, Rn, Rp reverted together; OCP/window/inventory retained",6-8,0.5,Discharge,True,0.33488988039184164,59.94990726536724,48.58528568116946,59.94990726536724,48.58528568116946,59.732178815088425,0.2601692386415477,5.957220979087019
All dynamic nominal,"De, Dsn, Dsp, kn, kp, Rn, Rp reverted together; OCP/window/inventory retained",6-5,1.0,Charge,True,2.989604455715771,83.57299172643417,-69.65123641230637,83.57299172643417,-69.65123641230637,84.26842386721441,5.979851802616351,113.57843481002972
All dynamic nominal,"De, Dsn, Dsp, kn, kp, Rn, Rp reverted together; OCP/window/inventory retained",6-6,1.0,Charge,True,2.739604455715771,80.7812209901986,-66.4481488425834,80.7812209901986,-66.4481488425834,81.46986101293763,5.4567135424788935,104.15633481002962
All dynamic nominal,"De, Dsn, Dsp, kn, kp, Rn, Rp reverted together; OCP/window/inventory retained",6-8,1.0,Charge,True,2.4396044557157737,76.18485007783907,-60.98451331260451,76.18485007783907,-60.98451331260451,76.85561135070378,4.853850652954195,93.18173481002967
All dynamic nominal,"De, Dsn, Dsp, kn, kp, Rn, Rp reverted together; OCP/window/inventory retained",6-5,1.0,Discharge,True,0.3000702781147453,93.86495649030559,80.67526925091076,93.86495649030559,80.67526925091076,93.9318819492928,0.4997000347580556,11.295211590470533
All dynamic nominal,"De, Dsn, Dsp, kn, kp, Rn, Rp reverted together; OCP/window/inventory retained",6-6,1.0,Discharge,True,0.2834036114480796,91.14487132349858,77.89355380240858,91.14487132349858,77.89355380240858,91.19386896912933,0.4760345425198571,10.762811590470545
All dynamic nominal,"De, Dsn, Dsp, kn, kp, Rn, Rp reverted together; OCP/window/inventory retained",6-8,1.0,Discharge,True,0.25007027811474813,84.91855409486483,71.31087733492943,84.91855409486483,71.31087733492943,84.94659906050349,0.40543328491552555,9.173011590470459
All dynamic nominal,"De, Dsn, Dsp, kn, kp, Rn, Rp reverted together; OCP/window/inventory retained",6-5,2.0,Charge,True,3.8250383385556006,114.06348481111708,-97.86519766321,114.06348481111708,-97.86519766321,114.09856037962486,19.896593604314532,290.8034787995113
All dynamic nominal,"De, Dsn, Dsp, kn, kp, Rn, Rp reverted together; OCP/window/inventory retained",6-6,2.0,Charge,True,3.8250383385556006,112.30734271804972,-95.94938833180068,112.30734271804972,-95.94938833180068,112.31585837004985,19.855312659157857,290.30007879951137
All dynamic nominal,"De, Dsn, Dsp, kn, kp, Rn, Rp reverted together; OCP/window/inventory retained",6-8,2.0,Charge,True,3.2250383385556027,104.96889512053349,-86.6190595746846,104.96889512053349,-86.6190595746846,104.91491167614035,16.224021458044497,244.61907879951127
All dynamic nominal,"De, Dsn, Dsp, kn, kp, Rn, Rp reverted together; OCP/window/inventory retained",6-5,2.0,Discharge,True,0.1403789076183415,132.25766264297192,119.05877762411242,132.25766264297192,119.05877762411242,132.83082713398525,0.44976926088877756,9.961494537626514
All dynamic nominal,"De, Dsn, Dsp, kn, kp, Rn, Rp reverted together; OCP/window/inventory retained",6-6,2.0,Discharge,True,0.1403789076183415,130.3768063163942,117.10487930761404,130.3768063163942,117.10487930761404,130.91872519928611,0.4736174433237332,10.487194537626365
All dynamic nominal,"De, Dsn, Dsp, kn, kp, Rn, Rp reverted together; OCP/window/inventory retained",6-8,2.0,Discharge,True,0.07371224095167506,119.71325545571595,105.6616996614615,119.71325545571595,105.6616996614615,120.26593999820504,0.2642795304799424,5.864094537626485
