electrode,trim_fraction,rounding,direction,D_m2_s,removed_each_end_v1_v2_v3,old_mass_mg,current_mass_mg,current_over_old_D_factor,current_mass_D_m2_s,D_change_pct
Anode,0.0,floor,Charge,6.792405793113164e-14,0/0/0,10.4,10.1,0.9431397928994081,6.406188193005489e-14,-5.686020710059192
Anode,0.0,floor,Discharge,2.879105531076041e-14,0/0/0,10.4,10.1,0.9431397928994081,2.7153989943145975e-14,-5.686020710059192
Anode,0.0,floor,Combined,4.4222226411913115e-14,-,10.4,10.1,0.9431397928994081,4.170774145968247e-14,-5.686020710059192
Cathode,0.0,floor,Charge,4.5581724338047357e-14,0/0/0,17.25,17.35,1.011627809283764,4.6111739935475275e-14,1.1627809283764057
Cathode,0.0,floor,Discharge,1.0171291852846159e-13,0/0/0,17.25,17.35,1.011627809283764,1.0289561694680557e-13,1.1627809283764057
Cathode,0.0,floor,Combined,6.809001552344235e-14,-,17.25,17.35,1.011627809283764,6.888175323807748e-14,1.1627809283764057
Anode,0.0,ceil,Charge,6.792405793113164e-14,0/0/0,10.4,10.1,0.9431397928994081,6.406188193005489e-14,-5.686020710059192
Anode,0.0,ceil,Discharge,2.879105531076041e-14,0/0/0,10.4,10.1,0.9431397928994081,2.7153989943145975e-14,-5.686020710059192
Anode,0.0,ceil,Combined,4.4222226411913115e-14,-,10.4,10.1,0.9431397928994081,4.170774145968247e-14,-5.686020710059192
Cathode,0.0,ceil,Charge,4.5581724338047357e-14,0/0/0,17.25,17.35,1.011627809283764,4.6111739935475275e-14,1.1627809283764057
Cathode,0.0,ceil,Discharge,1.0171291852846159e-13,0/0/0,17.25,17.35,1.011627809283764,1.0289561694680557e-13,1.1627809283764057
Cathode,0.0,ceil,Combined,6.809001552344235e-14,-,17.25,17.35,1.011627809283764,6.888175323807748e-14,1.1627809283764057
Anode,0.05,floor,Charge,4.8318984354416685e-14,2/2/2,10.4,10.1,0.9431397928994081,4.557155689713429e-14,-5.686020710059192
Anode,0.05,floor,Discharge,2.5763794965630132e-14,2/2/2,10.4,10.1,0.9431397928994081,2.4298860248187216e-14,-5.686020710059192
Anode,0.05,floor,Combined,3.52828627786165e-14,-,10.4,10.1,0.9431397928994081,3.3276671893922604e-14,-5.686020710059192
Cathode,0.05,floor,Charge,3.3742781013672715e-14,3/3/3,17.25,17.35,1.011627809283764,3.4135135636003516e-14,1.1627809283764057
Cathode,0.05,floor,Discharge,9.100888904392317e-14,3/3/3,17.25,17.35,1.011627809283764,9.206712304885315e-14,1.1627809283764057
Cathode,0.05,floor,Combined,5.541563870701797e-14,-,17.25,17.35,1.011627809283764,5.606000118524115e-14,1.1627809283764057
Anode,0.05,ceil,Charge,4.074453569399505e-14,3/3/3,10.4,10.1,0.9431397928994081,3.8427792956217033e-14,-5.686020710059192
Anode,0.05,ceil,Discharge,2.286434715716483e-14,3/3/3,10.4,10.1,0.9431397928994081,2.1564275642588608e-14,-5.686020710059192
Anode,0.05,ceil,Combined,3.052207740087488e-14,-,10.4,10.1,0.9431397928994081,2.878658575872084e-14,-5.686020710059192
Cathode,0.05,ceil,Charge,3.0398378882215585e-14,4/4/4,17.25,17.35,1.011627809283764,3.075184543439359e-14,1.1627809283764057
Cathode,0.05,ceil,Discharge,8.401941031034974e-14,4/4/4,17.25,17.35,1.011627809283764,8.499637198957281e-14,1.1627809283764057
Cathode,0.05,ceil,Combined,5.053764802673689e-14,-,17.25,17.35,1.011627809283764,5.1125290159641776e-14,1.1627809283764057
Anode,0.1,floor,Charge,3.3251959477794355e-14,4/4/4,10.4,10.1,0.9431397928994081,3.136124617538648e-14,-5.686020710059192
Anode,0.1,floor,Discharge,1.9167984656844236e-14,4/4/4,10.4,10.1,0.9431397928994081,1.8078089079555105e-14,-5.686020710059192
Anode,0.1,floor,Combined,2.5246248217910882e-14,-,10.4,10.1,0.9431397928994081,2.381074131572752e-14,-5.686020710059192
Cathode,0.1,floor,Charge,2.6658484093078937e-14,7/7/7,17.25,17.35,1.011627809283764,2.6968463861907516e-14,1.1627809283764057
Cathode,0.1,floor,Discharge,7.155028661231986e-14,7/7/7,17.25,17.35,1.011627809283764,7.238225969924658e-14,1.1627809283764057
Cathode,0.1,floor,Combined,4.3674044666252e-14,-,17.25,17.35,1.011627809283764,4.418187812828177e-14,1.1627809283764057
Anode,0.1,ceil,Charge,2.72801841606025e-14,5/5/5,10.4,10.1,0.9431397928994081,2.5729027239488354e-14,-5.686020710059192
Anode,0.1,ceil,Discharge,1.6422916943273498e-14,5/5/5,10.4,10.1,0.9431397928994081,1.5489106484683147e-14,-5.686020710059192
Anode,0.1,ceil,Combined,2.1166487631791405e-14,-,10.4,10.1,0.9431397928994081,1.9962956761455627e-14,-5.686020710059192
Cathode,0.1,ceil,Charge,2.6920625478740676e-14,8/8/8,17.25,17.35,1.011627809283764,2.7233653377607113e-14,1.1627809283764057
Cathode,0.1,ceil,Discharge,7.031651749722175e-14,8/8/8,17.25,17.35,1.011627809283764,7.11341445521779e-14,1.1627809283764057
Cathode,0.1,ceil,Combined,4.3508213391404876e-14,-,17.25,17.35,1.011627809283764,4.401411859899744e-14,1.1627809283764057
Anode,0.12,floor,Charge,2.72801841606025e-14,5/5/5,10.4,10.1,0.9431397928994081,2.5729027239488354e-14,-5.686020710059192
Anode,0.12,floor,Discharge,1.6422916943273498e-14,5/5/5,10.4,10.1,0.9431397928994081,1.5489106484683147e-14,-5.686020710059192
Anode,0.12,floor,Combined,2.1166487631791405e-14,-,10.4,10.1,0.9431397928994081,1.9962956761455627e-14,-5.686020710059192
Cathode,0.12,floor,Charge,2.6920625478740676e-14,8/8/8,17.25,17.35,1.011627809283764,2.7233653377607113e-14,1.1627809283764057
Cathode,0.12,floor,Discharge,7.031651749722175e-14,8/8/8,17.25,17.35,1.011627809283764,7.11341445521779e-14,1.1627809283764057
Cathode,0.12,floor,Combined,4.3508213391404876e-14,-,17.25,17.35,1.011627809283764,4.401411859899744e-14,1.1627809283764057
Anode,0.12,ceil,Charge,2.491467529551912e-14,6/6/6,10.4,10.1,0.9431397928994081,2.3498021698371902e-14,-5.686020710059192
Anode,0.12,ceil,Discharge,1.499173943937075e-14,6/6/6,10.4,10.1,0.9431397928994081,1.4139306030050019e-14,-5.686020710059192
Anode,0.12,ceil,Combined,1.9326518575443177e-14,-,10.4,10.1,0.9431397928994081,1.822760872671004e-14,-5.686020710059192
Cathode,0.12,ceil,Charge,2.7384643345286175e-14,9/9/9,17.25,17.35,1.011627809283764,2.770306675540906e-14,1.1627809283764057
Cathode,0.12,ceil,Discharge,7.01633417995612e-14,9/9/9,17.25,17.35,1.011627809283764,7.097918775671805e-14,1.1627809283764057
Cathode,0.12,ceil,Combined,4.3833755156207946e-14,-,17.25,17.35,1.011627809283764,4.434344570135554e-14,1.1627809283764057
Anode,0.15,floor,Charge,2.491467529551912e-14,6/6/6,10.4,10.1,0.9431397928994081,2.3498021698371902e-14,-5.686020710059192
Anode,0.15,floor,Discharge,1.4353938869738934e-14,6/6/7,10.4,10.1,0.9431397928994081,1.3537770932896341e-14,-5.686020710059192
Anode,0.15,floor,Combined,1.8910941968904604e-14,-,10.4,10.1,0.9431397928994081,1.7835661892085413e-14,-5.686020710059192
Cathode,0.15,floor,Charge,2.796227662757753e-14,10/10/10,17.25,17.35,1.011627809283764,2.8287416647342856e-14,1.1627809283764057
Cathode,0.15,floor,Discharge,7.0883320038549e-14,10/10/10,17.25,17.35,1.011627809283764,7.170753776535726e-14,1.1627809283764057
Cathode,0.15,floor,Combined,4.452032123872217e-14,-,17.25,17.35,1.011627809283764,4.5037995043337946e-14,1.1627809283764057
Anode,0.15,ceil,Charge,2.4506552109886232e-14,7/7/7,10.4,10.1,0.9431397928994081,2.3113104481596653e-14,-5.686020710059192
Anode,0.15,ceil,Discharge,1.3214448595065221e-14,7/7/8,10.4,10.1,0.9431397928994081,1.2463072311229686e-14,-5.686020710059192
Anode,0.15,ceil,Combined,1.7995570930047723e-14,-,10.4,10.1,0.9431397928994081,1.697233904007182e-14,-5.686020710059192
Cathode,0.15,ceil,Charge,2.850358042167708e-14,11/11/11,17.25,17.35,1.011627809283764,2.8835014618724776e-14,1.1627809283764057
Cathode,0.15,ceil,Discharge,7.258883714465626e-14,11/11/11,17.25,17.35,1.011627809283764,7.343288629910453e-14,1.1627809283764057
Cathode,0.15,ceil,Combined,4.54867206695397e-14,-,17.25,17.35,1.011627809283764,4.6015631582428956e-14,1.1627809283764057
Anode,0.2,floor,Charge,2.463261644797692e-14,8/9/9,10.4,10.1,0.9431397928994081,2.3232000775315506e-14,-5.686020710059192
Anode,0.2,floor,Discharge,1.158391596644942e-14,8/9/9,10.4,10.1,0.9431397928994081,1.0925252105561253e-14,-5.686020710059192
Anode,0.2,floor,Combined,1.6892073850393397e-14,-,10.4,10.1,0.9431397928994081,1.5931587032901536e-14,-5.686020710059192
Cathode,0.2,floor,Charge,3.0369150860388794e-14,14/14/14,17.25,17.35,1.011627809283764,3.0722277554703254e-14,1.1627809283764057
Cathode,0.2,floor,Discharge,8.411039146056924e-14,14/14/14,17.25,17.35,1.011627809283764,8.508841105125547e-14,1.1627809283764057
Cathode,0.2,floor,Combined,5.05406882342572e-14,-,17.25,17.35,1.011627809283764,5.112836571811532e-14,1.1627809283764057
Anode,0.2,ceil,Charge,2.3847717082276837e-14,9/9/10,10.4,10.1,0.9431397928994081,2.2491730950102252e-14,-5.686020710059192
Anode,0.2,ceil,Discharge,1.0646813163100444e-14,9/9/10,10.4,10.1,0.9431397928994081,1.0041433161685245e-14,-5.686020710059192
Anode,0.2,ceil,Combined,1.5934308524108642e-14,-,10.4,10.1,0.9431397928994081,1.5028280441423096e-14,-5.686020710059192
Cathode,0.2,ceil,Charge,3.118591799790322e-14,15/15/15,17.25,17.35,1.011627809283764,3.154854190472195e-14,1.1627809283764057
Cathode,0.2,ceil,Discharge,9.034197576656209e-14,15/15/15,17.25,17.35,1.011627809283764,9.139245503109412e-14,1.1627809283764057
Cathode,0.2,ceil,Combined,5.3079162088568865e-14,-,17.25,17.35,1.011627809283764,5.3696356462276745e-14,1.1627809283764057
