kn,Direction,Mean_full_RMSE_mV,Mean_center_RMSE_mV,Capacity_RMSE_pct,Mean_capacity_error_mAh,Mean_abs_capacity_error_mAh
4e-07,Charge,63.474650213168786,26.881777540015303,9.56639727327993,-160.19169592682096,160.19169592682098
4e-07,Discharge,40.573682682663936,31.34954848869694,1.6775685949786974,-30.247031251898687,30.247031251898687
5e-07,Charge,57.16473007323367,21.24677947704176,7.5763739895147335,-128.40704368414018,128.40704368414018
5e-07,Discharge,33.03278106447049,21.78794552635112,1.5795949860223828,-28.23274303779222,28.23274303779222
6e-07,Charge,53.19765641576126,19.120752948447883,6.0498851143280215,-103.95101508495334,103.95101508495333
6e-07,Discharge,28.45914205021302,15.155081309526244,1.5038480399584873,-26.661000548117823,26.661000548117823
7e-07,Charge,50.75865239780134,19.394889745938332,4.831433298217387,-84.37391642503279,84.37391642503279
7e-07,Discharge,26.01628053038716,11.220302200757743,1.4432713115405198,-25.391245005420927,25.391245005420927
7.4e-07,Charge,50.09018844788337,19.99238415085756,4.407394033489206,-77.53135918110472,77.53135918110472
7.4e-07,Discharge,25.481035842356274,10.324077275220846,1.4217311527846643,-24.94050460670927,24.94050460670927
8e-07,Charge,49.347306202850596,21.267047747584908,3.8334189903567886,-68.20558989886443,68.20558989886443
8e-07,Discharge,25.041727532422968,9.602112700111254,1.3918886916616233,-24.316457967334944,24.316457967334944
9e-07,Charge,48.63584767453009,24.042318333392874,3.0025880349933325,-54.541036280785654,54.541036280785654
9e-07,Discharge,25.045668970910327,10.260639710722712,1.347413897568464,-23.388374446915588,23.388374446915588
1e-06,Charge,48.40174697841439,27.1317523768674,2.313163194676515,-42.80517166063125,42.80517166063125
1e-06,Discharge,25.68788612599101,12.880949727839715,1.3085747960291514,-22.577881864306093,22.577881864306093
1.2e-06,Charge,48.81715988396067,33.07961810190914,1.3418835612951405,-23.49529797373151,23.49529797373151
1.2e-06,Discharge,28.01341645533637,18.444263959067992,1.2446569657996422,-21.237672501171662,21.237672501171662
