Scenario,C_rate,Direction,Full_MAE_mV,Full_RMSE_mV,Full_Bias_mV,Center10_70_MAE_mV,Center10_70_RMSE_mV,Initial_voltage_error_mV,Q_end_exp_Ah,Q_end_model_Ah,Capacity_error_pct
A Endpoint + default hysteresis,0.5,Charge,26.749773131964194,42.3342869528135,21.12987084862524,11.760290739717103,14.52034542560457,164.5470361182215,2.1458557,2.0067970291474064,-6.480336532069393
A Endpoint + default hysteresis,0.5,Discharge,25.1437365895189,28.878140382318158,-13.371632226317736,22.607067679516504,23.736597780722818,-84.59238066290098,2.2903671,2.297021492176588,0.29053823627608905
A Endpoint + default hysteresis,1.0,Charge,30.923724964177598,53.639311245245636,30.923724964177598,15.521320280599593,19.404129537140218,64.57348236246574,1.9087741,1.7858648618636392,-6.439171515181434
A Endpoint + default hysteresis,1.0,Discharge,27.29760495753627,32.54682198879798,-18.692488488315927,25.855306951658754,27.680567441181715,-121.00228042354289,2.2609308,2.261615626267714,0.03028957222901001
A Endpoint + default hysteresis,2.0,Charge,38.98428095710356,60.08355185310446,38.82085562361823,22.229233374120085,25.529029747056033,-32.6850666970655,1.4620776,1.3438294675369562,-8.087678278023258
A Endpoint + default hysteresis,2.0,Discharge,31.399184786802053,35.48287753259815,-31.399184786802053,27.174241374713368,27.339211897619933,-146.724271001772,2.2142754,2.177826074043865,-1.6461062592365496
B Rest-SOC + default hysteresis,0.5,Charge,27.249754484502347,43.83435320725044,21.774438425340506,11.830673395661186,14.687441304333124,193.8756008289446,2.1458557,2.0050602279971526,-6.561273994465111
B Rest-SOC + default hysteresis,0.5,Discharge,28.0357705233459,32.84540466800595,-24.25073659947382,28.80605934830125,30.28184490086728,-94.02100130343705,2.2903671,2.2705579481934177,-0.864889816422109
B Rest-SOC + default hysteresis,1.0,Charge,34.34726377705293,60.87833116591033,34.34726377705293,17.242651171534266,20.895543417533883,202.42228697773788,1.9087741,1.7748368700622001,-7.01692410525687
B Rest-SOC + default hysteresis,1.0,Discharge,31.516594835880888,38.92747486660124,-29.212084237676862,32.400317464458304,34.51874161751804,-130.3204337609918,2.2609308,2.2345064495291074,-1.168737692940127
B Rest-SOC + default hysteresis,2.0,Charge,45.66326423907712,72.28895059055712,45.66326423907712,25.509860177127724,28.20807762767239,211.1693264470409,1.4620776,1.3191574687813663,-9.775139925448121
B Rest-SOC + default hysteresis,2.0,Discharge,39.839902840731895,44.093302676142436,-39.839902840731895,33.79995099413718,33.984645878802205,-155.40905792803318,2.2142754,2.15233689640998,-2.79723577247979
C Rest-SOC + history hysteresis,0.5,Charge,31.152719810324427,37.7546081231259,-7.682834575558704,28.83141162031153,31.75492367306081,112.8803848032458,2.1458557,2.0480313317442866,-4.558757993639236
C Rest-SOC + history hysteresis,0.5,Discharge,11.439937644667715,15.038540242361119,7.318944455993859,7.332859898903671,7.557490919294375,-43.54529213179781,2.2903671,2.2724002027236145,-0.7844549145150382
C Rest-SOC + history hysteresis,1.0,Charge,27.015557062365463,46.43924375434236,3.422867569935986,16.58366872218763,19.06030147201006,134.1280495289352,1.9087741,1.8294445125170846,-4.156049030784493
C Rest-SOC + history hysteresis,1.0,Discharge,11.366120771727703,17.365784744697105,3.039878092866528,4.397983443814615,6.088804164735558,-79.8403488757291,2.2609308,2.236660019384646,-1.0734862214869267
C Rest-SOC + history hysteresis,2.0,Charge,26.144418232440213,52.2733661388393,11.558001055787313,11.339796028183674,12.55589926106804,151.25530256749897,1.4620776,1.4209994957107592,-2.8095707292992347
C Rest-SOC + history hysteresis,2.0,Discharge,10.074143740113591,19.735927572150505,-5.235704623411748,4.445709506182839,5.000457383287747,-104.93919962976905,2.2142754,2.157023032031768,-2.5856028553734536
D Rest-SOC + mean OCP,0.5,Charge,27.923064331829256,38.24211486103046,-3.976955886970558,23.70418674662677,27.060864287759003,153.37799282231978,2.1458557,2.071074054095468,-3.484933581719025
D Rest-SOC + mean OCP,0.5,Discharge,15.031397072285856,20.009745014853237,2.6846558058151704,7.075949904978927,8.471944713697159,-68.7831466821045,2.2903671,2.273557857031255,-0.7339104272299831
D Rest-SOC + mean OCP,1.0,Charge,27.564968017863816,51.49158279603928,8.18416421914179,15.283624278034972,17.62038136431392,168.27516824502942,1.9087741,1.8462776902747127,-3.2741648016539706
D Rest-SOC + mean OCP,1.0,Discharge,18.214797542042092,24.147657649847044,-2.1856619414030365,9.725104206465895,11.3952351357829,-105.08039132334358,2.2609308,2.237996542593211,-1.0143723729531662
D Rest-SOC + mean OCP,2.0,Charge,29.624997080874074,59.12171895723304,18.495350806555077,12.104003471687076,14.593189746367086,181.21231450989052,1.4620776,1.4233473178911005,-2.6489895002084367
D Rest-SOC + mean OCP,2.0,Discharge,12.425013528607279,23.68836104869813,-12.360650941595154,4.735437533828358,5.640804402374976,-130.1741287826994,2.2142754,2.158310964319048,-2.5274379004956704
E Rest-SOC + attached R2/Ds diagnostic,0.5,Charge,54.73651036710296,61.995569437684885,-54.4055945186057,70.97080214782487,73.00487727563228,41.94046403209883,2.1458557,2.1426982507312604,-0.14714173319013943
E Rest-SOC + attached R2/Ds diagnostic,0.5,Discharge,56.68107557391122,60.17306215404076,56.6791004370737,48.7490955367616,48.810937597394876,-0.39502736750307577,2.2903671,2.300724527480017,0.4522169166688218
E Rest-SOC + attached R2/Ds diagnostic,1.0,Charge,68.52020011046991,71.60246718992086,-66.63644714972912,78.95600283277449,79.70323091428011,55.301403321726724,1.9087741,1.9752844907817715,3.484455849530411
E Rest-SOC + attached R2/Ds diagnostic,1.0,Discharge,76.8612329712226,81.22404956485182,76.71558985542438,68.40772287470273,68.65896683898302,-18.396070428548406,2.2609308,2.2913646030396366,1.3460740611626192
E Rest-SOC + attached R2/Ds diagnostic,2.0,Charge,80.35834117292607,82.92866409873844,-77.46555464735448,87.92659208380675,88.29438756675611,69.23051398751534,1.4620776,1.6581551841610973,13.410887641059363
E Rest-SOC + attached R2/Ds diagnostic,2.0,Discharge,86.19069746850334,87.14978711787214,85.82478791833903,87.59806470932055,87.6854996442276,-30.291432644282246,2.2142754,2.2636976677364014,2.2319837783683703
