Case,bn,bp,bs,C_rate,Direction,MAE_all_mV,MAE_SOC10_70_mV,N_all,N_SOC10_70,end_time_error_min,capacity_error_mAh
"bn=1.5, bp=1.5, bs=1.5",1.5,1.5,1.5,0.5,Charge,25.65299449212489,15.91960047606321,216,148,-5.2312207645922655,-99.39319452725303
"bn=1.5, bp=1.5, bs=1.5",1.5,1.5,1.5,0.5,Discharge,21.728596365099452,14.942443612042128,243,148,0.44750494744235425,8.50259400140473
"bn=1.5, bp=1.5, bs=1.5",1.5,1.5,1.5,1.0,Charge,24.43578940781802,16.01327128494333,99,74,-0.8690496016119695,-33.02388486125484
"bn=1.5, bp=1.5, bs=1.5",1.5,1.5,1.5,1.0,Discharge,28.500877817550894,27.778675127582204,120,74,0.15680459044615702,5.958574436953967
"bn=1.5, bp=1.5, bs=1.5",1.5,1.5,1.5,2.0,Charge,39.90580153319777,35.45657017757159,40,33,1.756046720345548,133.45955074626164
"bn=1.5, bp=1.5, bs=1.5",1.5,1.5,1.5,2.0,Discharge,56.60883290112557,68.89753220538243,59,37,-0.1160947751323107,-8.823202910055613
"bn=1.5, bp=1.83, bs=1.5",1.5,1.83,1.5,0.5,Charge,25.42553402940407,14.929669278191062,215,148,-5.4487741108219865,-103.52670810561773
"bn=1.5, bp=1.83, bs=1.5",1.5,1.83,1.5,0.5,Discharge,21.8476681946578,14.654179008979524,243,148,0.4351795198472672,8.268410877098077
"bn=1.5, bp=1.83, bs=1.5",1.5,1.83,1.5,1.0,Charge,23.548889370829883,13.736456017314428,99,74,-1.115791260274662,-42.40006789043716
"bn=1.5, bp=1.83, bs=1.5",1.5,1.83,1.5,1.0,Discharge,27.863788628785134,25.918947343094946,120,74,0.13586134484908285,5.162731104265148
"bn=1.5, bp=1.83, bs=1.5",1.5,1.83,1.5,2.0,Charge,34.67267901669847,28.175281902216625,40,33,1.3841853539173243,105.19808689771665
"bn=1.5, bp=1.83, bs=1.5",1.5,1.83,1.5,2.0,Discharge,50.58060829369816,61.389625232330424,58,37,-0.15084664687995897,-11.464345162876882
"bn=1.5, bp=2, bs=1.5",1.5,2.0,1.5,0.5,Charge,25.37431994510063,14.34366657430667,215,148,-5.631627935160296,-107.0009307680456
"bn=1.5, bp=2, bs=1.5",1.5,2.0,1.5,0.5,Discharge,21.943291840604335,14.508948203311846,243,148,0.42685421820849,8.11023014596131
"bn=1.5, bp=2, bs=1.5",1.5,2.0,1.5,1.0,Charge,23.16401580203425,12.400713891591915,98,74,-1.2893342331455315,-48.99470085953019
"bn=1.5, bp=2, bs=1.5",1.5,2.0,1.5,1.0,Discharge,27.55623262722617,24.831306905356094,120,74,0.12013892973156004,4.565279329799281
"bn=1.5, bp=2, bs=1.5",1.5,2.0,1.5,2.0,Charge,31.24088988755608,23.419715600301018,40,33,1.1111526642843295,84.44760248560904
"bn=1.5, bp=2, bs=1.5",1.5,2.0,1.5,2.0,Discharge,46.16496678437902,56.16801104884779,58,37,-0.1768437442960895,-13.440124566502803
"bn=1.5, bp=2.5, bs=1.5",1.5,2.5,1.5,0.5,Charge,25.362521804903324,12.243365522629773,214,148,-6.315387061958631,-119.99235417721397
"bn=1.5, bp=2.5, bs=1.5",1.5,2.5,1.5,0.5,Discharge,22.491850126213432,14.291702518775061,243,148,0.3842836398538765,7.301389157223652
"bn=1.5, bp=2.5, bs=1.5",1.5,2.5,1.5,1.0,Charge,22.84340207002735,8.963580932857242,97,74,-2.115013247279137,-80.37050339660719
"bn=1.5, bp=2.5, bs=1.5",1.5,2.5,1.5,1.0,Discharge,26.638562614025144,21.116501911218933,120,74,0.04297706570155668,1.6331284966591537
"bn=1.5, bp=2.5, bs=1.5",1.5,2.5,1.5,2.0,Charge,20.797438071238396,7.740418293698598,38,31,-0.31669374932432603,-24.068724948648775
"bn=1.5, bp=2.5, bs=1.5",1.5,2.5,1.5,2.0,Discharge,28.85043123504932,32.43988999946422,58,37,-0.31556837950035543,-23.98319684202701
"bn=1.5, bp=3, bs=1.5",1.5,3.0,1.5,0.5,Charge,26.616837936715395,10.736541686490323,211,148,-7.566717351054521,-143.7676296700359
"bn=1.5, bp=3, bs=1.5",1.5,3.0,1.5,0.5,Discharge,24.362190295605494,15.841384189534567,243,148,0.29386762962803914,5.583484962932744
"bn=1.5, bp=3, bs=1.5",1.5,3.0,1.5,1.0,Charge,37.5993006681376,23.738176782525134,93,74,-3.973998181266971,-151.0119308881449
"bn=1.5, bp=3, bs=1.5",1.5,3.0,1.5,1.0,Discharge,27.577717019088954,16.881188377006325,119,74,-0.13388530304511193,-5.087641515714253
"bn=1.5, bp=3, bs=1.5",1.5,3.0,1.5,2.0,Charge,54.04642390211633,42.962977649984545,31,24,-3.9731144949400132,-301.956701615441
"bn=1.5, bp=3, bs=1.5",1.5,3.0,1.5,2.0,Discharge,35.214241902158605,23.117879414305804,57,37,-0.8741818176811122,-66.43781814376452
"bn=2, bp=1.5, bs=1.5",2.0,1.5,1.5,0.5,Charge,25.403438450858694,14.315653412251441,215,148,-5.534168072786443,-105.14919338294241
"bn=2, bp=1.5, bs=1.5",2.0,1.5,1.5,0.5,Discharge,21.87931619223149,14.2737853930651,243,148,0.4322481773688196,8.212715370007572
"bn=2, bp=1.5, bs=1.5",2.0,1.5,1.5,1.0,Charge,23.298968913519396,12.500113550543968,98,74,-1.2973369024713293,-49.29880229391051
"bn=2, bp=1.5, bs=1.5",2.0,1.5,1.5,1.0,Discharge,27.28053456674885,24.08571281946537,120,74,0.13654743724115548,5.188802615163908
"bn=2, bp=1.5, bs=1.5",2.0,1.5,1.5,2.0,Charge,32.55858110428609,24.749080939527285,40,33,1.2567655095538832,95.51417872609512
"bn=2, bp=1.5, bs=1.5",2.0,1.5,1.5,2.0,Discharge,45.13975674669562,54.20259626280062,58,37,-0.15053248997621438,-11.440469238192291
"bn=2, bp=1.83, bs=1.5",2.0,1.83,1.5,0.5,Charge,25.407523115974033,13.568451924032994,215,148,-5.791104587744343,-110.0309871671425
"bn=2, bp=1.83, bs=1.5",2.0,1.83,1.5,0.5,Discharge,22.109826133760695,14.16839290305877,243,148,0.4199242047411076,7.978559890081043
"bn=2, bp=1.83, bs=1.5",2.0,1.83,1.5,1.0,Charge,22.93692166515463,10.974807383965622,98,74,-1.5518839743097814,-58.97159102377169
"bn=2, bp=1.83, bs=1.5",2.0,1.83,1.5,1.0,Discharge,26.98567672538495,22.655576720423127,120,74,0.11434484387264376,4.345104067160463
"bn=2, bp=1.83, bs=1.5",2.0,1.83,1.5,2.0,Charge,28.43028132093041,18.81360031146,40,33,0.8741752128214131,66.43731617442738
"bn=2, bp=1.83, bs=1.5",2.0,1.83,1.5,2.0,Discharge,38.736581306102714,46.485482398231376,58,37,-0.18855066387015995,-14.329850454132155
"bn=2, bp=2, bs=1.5",2.0,2.0,1.5,0.5,Charge,25.354426799869298,13.108113761500801,214,148,-5.948789076101164,-113.0269924459221
"bn=2, bp=2, bs=1.5",2.0,2.0,1.5,0.5,Discharge,22.288284200768658,14.158938178644858,243,148,0.4115538427642633,7.819523012521001
"bn=2, bp=2, bs=1.5",2.0,2.0,1.5,1.0,Charge,22.884529811188184,10.200763719723719,97,74,-1.7585541389161392,-66.82505727881329
"bn=2, bp=2, bs=1.5",2.0,2.0,1.5,1.0,Discharge,26.83341967257147,21.819362535290193,120,74,0.09801779674703681,3.7246762763873984
"bn=2, bp=2, bs=1.5",2.0,2.0,1.5,2.0,Charge,25.86534375900453,15.114216133774235,40,33,0.5840457420278256,44.38747639411474
"bn=2, bp=2, bs=1.5",2.0,2.0,1.5,2.0,Discharge,34.450303450498645,41.107838754163886,58,37,-0.21725559149276563,-16.511424953450188
"bn=2, bp=2.5, bs=1.5",2.0,2.5,1.5,0.5,Charge,25.701412526528113,11.569287081904786,213,148,-6.6370793490067115,-126.10450763112752
"bn=2, bp=2.5, bs=1.5",2.0,2.5,1.5,0.5,Discharge,23.27920838060531,14.667075004852647,243,148,0.36864596247004044,7.004273286930768
"bn=2, bp=2.5, bs=1.5",2.0,2.5,1.5,1.0,Charge,24.949710955412815,10.092123420920975,96,74,-2.611000533387518,-99.21802026872567
"bn=2, bp=2.5, bs=1.5",2.0,2.5,1.5,1.0,Discharge,26.63270430810224,19.271578834047858,120,74,0.01721349103145542,0.6541126591953058
"bn=2, bp=2.5, bs=1.5",2.0,2.5,1.5,2.0,Charge,27.527515901956477,13.667319396469146,37,30,-1.050906909453282,-79.86892511844943
"bn=2, bp=2.5, bs=1.5",2.0,2.5,1.5,2.0,Discharge,25.237782334564002,21.2839596121932,58,37,-0.3757196349018983,-28.554692252544267
"bn=2, bp=3, bs=1.5",2.0,3.0,1.5,0.5,Charge,27.713991461719232,11.227040914821172,210,148,-7.958809591451697,-151.21738223758226
"bn=2, bp=3, bs=1.5",2.0,3.0,1.5,0.5,Discharge,25.932664197288098,17.50360340801525,243,148,0.27655680830099527,5.25457935771891
"bn=2, bp=3, bs=1.5",2.0,3.0,1.5,1.0,Charge,43.678756510884625,30.128134555953128,92,74,-4.535723344805724,-172.35748710261754
"bn=2, bp=3, bs=1.5",2.0,3.0,1.5,1.0,Discharge,30.02654773234104,17.96100877199523,119,74,-0.16518397446429134,-6.276991029643071
"bn=2, bp=3, bs=1.5",2.0,3.0,1.5,2.0,Charge,65.85529578145051,54.94649924788716,29,22,-5.017328083658567,-381.31693435805107
"bn=2, bp=3, bs=1.5",2.0,3.0,1.5,2.0,Discharge,51.66714228992878,41.005458040006964,57,37,-1.1059289951992604,-84.05060363514379
"bn=2.5, bp=1.5, bs=1.5",2.5,1.5,1.5,0.5,Charge,25.62721451891663,12.547993380669306,214,148,-6.211335074070476,-118.01536640733903
"bn=2.5, bp=1.5, bs=1.5",2.5,1.5,1.5,0.5,Discharge,22.716238620469877,14.193478175446772,243,148,0.4049586672346237,7.6942146774578495
"bn=2.5, bp=1.5, bs=1.5",2.5,1.5,1.5,1.0,Charge,23.424017413074935,9.755662956994312,97,74,-2.0712181351891417,-78.70628913718738
"bn=2.5, bp=1.5, bs=1.5",2.5,1.5,1.5,1.0,Discharge,25.497300982702033,18.388248626118344,120,74,0.09565959361840015,3.6350645574992058
"bn=2.5, bp=1.5, bs=1.5",2.5,1.5,1.5,2.0,Charge,25.110668051469155,13.062565949255603,40,33,0.26136131031550036,19.863459583978024
"bn=2.5, bp=1.5, bs=1.5",2.5,1.5,1.5,2.0,Discharge,22.82868651291097,24.474613857676506,58,37,-0.23613838748442006,-17.946517448815925
"bn=2.5, bp=1.83, bs=1.5",2.5,1.83,1.5,0.5,Charge,25.737753637865673,12.114899431055955,213,148,-6.476760428337897,-123.05844813842003
"bn=2.5, bp=1.83, bs=1.5",2.5,1.83,1.5,0.5,Discharge,23.263829809849316,14.608906298746998,243,148,0.39263446748947217,7.46005488229997
"bn=2.5, bp=1.83, bs=1.5",2.5,1.83,1.5,1.0,Charge,24.156765344459675,9.799224016057577,96,74,-2.331671666745791,-88.60352333634006
"bn=2.5, bp=1.83, bs=1.5",2.5,1.83,1.5,1.0,Discharge,25.862736407937973,18.033435055722016,120,74,0.07142028114583354,2.7139706835416746
"bn=2.5, bp=1.83, bs=1.5",2.5,1.83,1.5,2.0,Charge,23.94754356817083,10.312645209038823,39,32,-0.1916671477056333,-14.566703225628132
"bn=2.5, bp=1.83, bs=1.5",2.5,1.83,1.5,2.0,Discharge,20.322322591633263,17.16413698249379,58,37,-0.2841775344973172,-21.597492621796107
"bn=2.5, bp=2, bs=1.5",2.5,2.0,1.5,0.5,Charge,25.91337650322978,11.868815214638069,213,148,-6.638268840590058,-126.1271079712111
"bn=2.5, bp=2, bs=1.5",2.5,2.0,1.5,0.5,Discharge,23.650858696638043,14.941753552396534,243,148,0.3841475752815313,7.298803930349094
"bn=2.5, bp=2, bs=1.5",2.5,2.0,1.5,1.0,Charge,24.999652142987518,10.245247507473783,96,74,-2.5172173879964888,-95.65426074386657
"bn=2.5, bp=2, bs=1.5",2.5,2.0,1.5,1.0,Discharge,26.179554376590684,17.96153533821214,120,74,0.05367567919602578,2.0396758094489797
"bn=2.5, bp=2, bs=1.5",2.5,2.0,1.5,2.0,Charge,24.70624684419818,10.179181264654465,38,31,-0.5389557694157752,-40.960638475598905
"bn=2.5, bp=2, bs=1.5",2.5,2.0,1.5,2.0,Discharge,20.62049999019642,15.235759668946883,58,37,-0.3202832227496337,-24.341524928972163
"bn=2.5, bp=2.5, bs=1.5",2.5,2.5,1.5,0.5,Charge,26.87231712983624,11.258585096412428,212,148,-7.335268722347479,-139.37010572460207
"bn=2.5, bp=2.5, bs=1.5",2.5,2.5,1.5,0.5,Discharge,25.467596610631674,16.805388543558287,243,148,0.3405078779109232,6.4696496803075405
"bn=2.5, bp=2.5, bs=1.5",2.5,2.5,1.5,1.0,Charge,33.861692904906185,19.208730137291706,94,74,-3.409836742119893,-129.57379620055593
"bn=2.5, bp=2.5, bs=1.5",2.5,2.5,1.5,1.0,Discharge,28.20596749092586,18.53419998691897,119,74,-0.034329494414741646,-1.3045207877601825
"bn=2.5, bp=2.5, bs=1.5",2.5,2.5,1.5,2.0,Charge,47.53657341497195,34.11876696721348,34,27,-2.535583527830177,-192.70434811509344
"bn=2.5, bp=2.5, bs=1.5",2.5,2.5,1.5,2.0,Discharge,30.314547795662783,17.80660839030866,58,37,-0.5334743757414344,-40.54405255634901
"bn=2.5, bp=3, bs=1.5",2.5,3.0,1.5,0.5,Charge,31.526124003092928,14.755032328245083,209,148,-8.666838921325478,-164.6699395051841
"bn=2.5, bp=3, bs=1.5",2.5,3.0,1.5,0.5,Discharge,28.986827543131138,21.068581064138257,243,148,0.24361686112118264,4.628720361302469
"bn=2.5, bp=3, bs=1.5",2.5,3.0,1.5,1.0,Charge,53.79160188569202,40.86533755930511,90,74,-5.4556018038541225,-207.31286854645663
"bn=2.5, bp=3, bs=1.5",2.5,3.0,1.5,1.0,Discharge,41.07954111396881,29.9162425397227,119,74,-0.2333944698060506,-8.868989852629923
"bn=2.5, bp=3, bs=1.5",2.5,3.0,1.5,2.0,Charge,84.1397989309111,73.77164470383795,26,19,-6.652397476428847,-505.58220820859236
"bn=2.5, bp=3, bs=1.5",2.5,3.0,1.5,2.0,Discharge,84.13111747071439,83.21643483450802,55,36,-2.1246384648068037,-161.4725233253171
"bn=2.914, bp=1.5, bs=1.5",2.914,1.5,1.5,0.5,Charge,26.861040937618995,11.75939852648654,212,148,-7.329245934539742,-139.25567275625508
"bn=2.914, bp=1.5, bs=1.5",2.914,1.5,1.5,0.5,Discharge,25.45301773948235,16.93248337535614,243,148,0.3654965003644435,6.944433506924425
"bn=2.914, bp=1.5, bs=1.5",2.914,1.5,1.5,1.0,Charge,29.66204317708837,14.684726041467417,94,74,-3.2460521534426405,-123.34998183082033
"bn=2.914, bp=1.5, bs=1.5",2.914,1.5,1.5,1.0,Discharge,26.89336828134106,17.793942131552114,120,74,0.022844449133422984,0.8680890670700734
"bn=2.914, bp=1.5, bs=1.5",2.914,1.5,1.5,2.0,Charge,34.344471522341664,19.470282086224213,36,29,-1.496442022736506,-113.72959372797446
"bn=2.914, bp=1.5, bs=1.5",2.914,1.5,1.5,2.0,Discharge,33.16402791201131,28.220545998014845,58,37,-0.4786316825116259,-36.37600787088357
"bn=2.914, bp=1.83, bs=1.5",2.914,1.83,1.5,0.5,Charge,27.20618787992644,11.722520324535145,211,148,-7.5543749722330205,-143.53312447242735
"bn=2.914, bp=1.83, bs=1.5",2.914,1.83,1.5,0.5,Discharge,26.29760378070427,17.837378037949303,243,148,0.35303651790367496,6.707693840169823
"bn=2.914, bp=1.83, bs=1.5",2.914,1.83,1.5,1.0,Charge,33.26018343265556,18.392553443417757,94,74,-3.507935405979673,-133.30154542722755
"bn=2.914, bp=1.83, bs=1.5",2.914,1.83,1.5,1.0,Discharge,28.67390116913624,19.356032574031897,119,74,-0.004218918626563095,-0.1603189078093976
"bn=2.914, bp=1.83, bs=1.5",2.914,1.83,1.5,2.0,Charge,42.33501664555577,27.837750203452742,35,28,-1.9967679721478042,-151.7543658832331
"bn=2.914, bp=1.83, bs=1.5",2.914,1.83,1.5,2.0,Discharge,42.399008751437364,37.8993506324901,58,37,-0.5619707246353585,-42.709775072287236
"bn=2.914, bp=2, bs=1.5",2.914,2.0,1.5,0.5,Charge,27.565313248762134,11.749339271107091,211,148,-7.709276588850514,-146.47625518815977
"bn=2.914, bp=2, bs=1.5",2.914,2.0,1.5,0.5,Discharge,26.872015767648094,18.47875189768185,243,148,0.34410588568569267,6.53801182802816
"bn=2.914, bp=2, bs=1.5",2.914,2.0,1.5,1.0,Charge,35.74359586517976,20.96402345028895,94,74,-3.6944857121174692,-140.39045706046383
"bn=2.914, bp=2, bs=1.5",2.914,2.0,1.5,1.0,Discharge,29.821196205992646,20.563160655255647,119,74,-0.02368093517327452,-0.8998755365844316
"bn=2.914, bp=2, bs=1.5",2.914,2.0,1.5,2.0,Charge,48.00062390561394,33.72341455308924,34,27,-2.384139104357729,-181.19457193118737
"bn=2.914, bp=2, bs=1.5",2.914,2.0,1.5,2.0,Discharge,47.742556223743584,44.80726057535965,57,37,-0.6380022782503652,-48.48817314702775
"bn=2.914, bp=2.5, bs=1.5",2.914,2.5,1.5,0.5,Charge,29.456501822586276,12.54886995655078,210,148,-8.399978336894335,-159.59958840099236
"bn=2.914, bp=2.5, bs=1.5",2.914,2.5,1.5,0.5,Discharge,29.36465178441704,21.456448677942298,243,148,0.29734916979053594,5.649634226020183
"bn=2.914, bp=2.5, bs=1.5",2.914,2.5,1.5,1.0,Charge,46.645950716894276,32.61509780359304,92,74,-4.6290775044415895,-175.9049451687804
"bn=2.914, bp=2.5, bs=1.5",2.914,2.5,1.5,1.0,Discharge,37.29328223966341,28.25060582811293,119,74,-0.12268451960503057,-4.662011744991162
"bn=2.914, bp=2.5, bs=1.5",2.914,2.5,1.5,2.0,Charge,71.90951641528363,59.34001356861675,30,23,-4.564053990516889,-346.86810327928356
"bn=2.914, bp=2.5, bs=1.5",2.914,2.5,1.5,2.0,Discharge,76.61654661062639,79.34114905426982,56,37,-1.3958387548609075,-106.08374536942897
"bn=2.914, bp=3, bs=1.5",2.914,3.0,1.5,0.5,Charge,38.06559318445528,21.720702836838186,207,148,-9.726561539467525,-184.80466924988295
"bn=2.914, bp=3, bs=1.5",2.914,3.0,1.5,0.5,Discharge,34.07086300980513,27.685990431919947,243,148,0.19482156964605224,3.701609823274992
"bn=2.914, bp=3, bs=1.5",2.914,3.0,1.5,1.0,Charge,67.06279200850031,54.9819864482733,88,74,-6.692730207196064,-254.3237478734504
"bn=2.914, bp=3, bs=1.5",2.914,3.0,1.5,1.0,Discharge,59.52408328506355,50.06635370420249,119,74,-0.3603448697048037,-13.693105048782542
"bn=2.914, bp=3, bs=1.5",2.914,3.0,1.5,2.0,Charge,105.48226723266434,95.90112931790085,22,15,-8.529576326530542,-648.2478008163212
"bn=2.914, bp=3, bs=1.5",2.914,3.0,1.5,2.0,Discharge,127.3448179134298,138.94979212660073,50,31,-4.561479816998446,-346.6724660918819
"bn=3.5, bp=1.5, bs=1.5",3.5,1.5,1.5,0.5,Charge,35.879127576852326,19.222577485803736,205,148,-10.708658728171798,-203.46451583526414
"bn=3.5, bp=1.5, bs=1.5",3.5,1.5,1.5,0.5,Discharge,36.4028526254255,31.920719723774187,243,148,0.24131670925090987,4.585017475767287
"bn=3.5, bp=1.5, bs=1.5",3.5,1.5,1.5,1.0,Charge,58.80900678889826,45.728833338608695,86,73,-7.251877918554676,-275.57136090507765
"bn=3.5, bp=1.5, bs=1.5",3.5,1.5,1.5,1.0,Discharge,70.36328315941667,69.37138095389817,119,74,-0.32423260534876164,-12.320839003252942
"bn=3.5, bp=1.5, bs=1.5",3.5,1.5,1.5,2.0,Charge,86.36181078587445,73.42278630362796,26,19,-6.300769936609296,-478.8585151823064
"bn=3.5, bp=1.5, bs=1.5",3.5,1.5,1.5,2.0,Discharge,135.9642537977039,176.55689082395736,46,27,-6.316605108464653,-480.06198824331364
"bn=3.5, bp=1.83, bs=1.5",3.5,1.83,1.5,0.5,Charge,37.65655134234423,21.034197775291254,205,148,-10.916166537368525,-207.40716421000195
"bn=3.5, bp=1.83, bs=1.5",3.5,1.83,1.5,0.5,Discharge,37.88767555032469,33.79192678527981,243,148,0.2273960828089514,4.320525573370077
"bn=3.5, bp=1.83, bs=1.5",3.5,1.83,1.5,1.0,Charge,62.62557981424249,49.7180433543989,86,73,-7.554469897746429,-287.06985611436426
"bn=3.5, bp=1.83, bs=1.5",3.5,1.83,1.5,1.0,Discharge,74.7885967431867,73.79493043083278,119,74,-0.37038196587857186,-14.074514703385729
"bn=3.5, bp=1.83, bs=1.5",3.5,1.83,1.5,2.0,Charge,94.01344740866463,81.6350557825195,25,18,-6.868306825706123,-521.9913187536654
"bn=3.5, bp=1.83, bs=1.5",3.5,1.83,1.5,2.0,Discharge,142.19534025763525,183.4328566372375,45,26,-6.676557514151103,-507.41837107548383
"bn=3.5, bp=2, bs=1.5",3.5,2.0,1.5,0.5,Charge,38.670438977407834,22.278572930277996,204,148,-11.058438719777584,-210.11033567577408
"bn=3.5, bp=2, bs=1.5",3.5,2.0,1.5,0.5,Discharge,38.906241567834606,35.061558111229004,243,148,0.21674518237404072,4.118158465106774
"bn=3.5, bp=2, bs=1.5",3.5,2.0,1.5,1.0,Charge,65.00336070749823,52.00843645783768,85,72,-7.768043447146113,-295.1856509915523
"bn=3.5, bp=2, bs=1.5",3.5,2.0,1.5,1.0,Discharge,77.84832971346562,76.8260123885373,119,74,-0.4061712973183731,-15.434509298098176
"bn=3.5, bp=2, bs=1.5",3.5,2.0,1.5,2.0,Charge,99.14183650635398,87.02097232488374,24,17,-7.317181643673868,-556.1058049192139
"bn=3.5, bp=2, bs=1.5",3.5,2.0,1.5,2.0,Discharge,149.7951109062181,192.83747919243459,45,26,-6.945299929590959,-527.8427946489128
"bn=3.5, bp=2.5, bs=1.5",3.5,2.5,1.5,0.5,Charge,43.859476468260866,27.81642658721501,203,148,-11.695233596200794,-222.20943832781506
"bn=3.5, bp=2.5, bs=1.5",3.5,2.5,1.5,0.5,Discharge,43.49556849420957,40.57984964022273,243,148,0.1621170215275214,3.0802234090229064
"bn=3.5, bp=2.5, bs=1.5",3.5,2.5,1.5,1.0,Charge,76.31614803499478,63.653284080001775,83,70,-8.809121852949268,-334.74663041207214
"bn=3.5, bp=2.5, bs=1.5",3.5,2.5,1.5,1.0,Discharge,91.49448498345296,90.4728853142979,118,74,-0.6023933972318716,-22.890949094811116
"bn=3.5, bp=2.5, bs=1.5",3.5,2.5,1.5,2.0,Charge,119.1136580553449,109.37047420759222,21,14,-9.062911249341308,-688.7812549499394
"bn=3.5, bp=2.5, bs=1.5",3.5,2.5,1.5,2.0,Discharge,169.03512056014284,214.67893596184277,42,23,-8.295161645161343,-630.432285032262
"bn=3.5, bp=3, bs=1.5",3.5,3.0,1.5,0.5,Charge,53.362399098916455,38.086654175625625,201,148,-12.91869745717689,-245.4552516863609
"bn=3.5, bp=3, bs=1.5",3.5,3.0,1.5,0.5,Discharge,52.972103909849,50.47625511292224,243,148,0.0419144383266854,0.7963743282070225
"bn=3.5, bp=3, bs=1.5",3.5,3.0,1.5,1.0,Charge,97.03617247042887,85.31055119493402,78,65,-11.246550091484472,-427.36890347640986
"bn=3.5, bp=3, bs=1.5",3.5,3.0,1.5,1.0,Discharge,117.9053206145298,117.50100225635101,117,74,-1.247039390924293,-47.387496855123125
"bn=3.5, bp=3, bs=1.5",3.5,3.0,1.5,2.0,Charge,145.02715080982168,139.41698913411062,15,8,-11.989280484541275,-911.1853168251369
"bn=3.5, bp=3, bs=1.5",3.5,3.0,1.5,2.0,Discharge,204.41650929378824,257.2204160405612,36,17,-11.201418599883386,-851.3078135911372
