Case,Cell,C_rate,Direction,Ln_um,Lp_um,eps_s_n,eps_e_n,eps_s_p,eps_e_p,Full_MAE_mV,Full_RMSE_mV,Full_Bias_mV,Center10_70_MAE_mV,Center10_70_RMSE_mV,Initial_voltage_error_mV,Q_end_exp_Ah,Q_end_model_Ah,Capacity_error_pct,Capacity_error_mAh
Ai2020 paper,6-5,0.5,Charge,76.5,68.0,0.5924038461538461,0.34759615384615383,0.6235942028985508,0.3164057971014491,31.54880780715196,40.440325124861516,-20.676016358424423,37.80070023323285,40.37068014679524,150.9954668873088,2.1426725,2.11244485490845,-1.4107449967995762,-30.227645091550404
Ai2020 paper,6-6,0.5,Charge,76.5,68.0,0.5924038461538461,0.34759615384615383,0.6235942028985508,0.3164057971014491,30.53421665875836,39.44320470888147,-19.168596168431733,36.21995609948814,38.88913723826948,144.49546688730885,2.1458557,2.11244485490845,-1.5569940276762326,-33.410845091550016
Ai2020 paper,6-8,0.5,Charge,76.5,68.0,0.5924038461538461,0.34759615384615383,0.6235942028985508,0.3164057971014491,29.013407288783295,38.219161053439116,-16.715845012642713,33.555037451691554,36.41877254818827,150.8954668873086,2.1492388,2.11244485490845,-1.7119523941011212,-36.793945091550206
Ai2020 paper,6-5,0.5,Discharge,76.5,68.0,0.5924038461538461,0.34759615384615383,0.6235942028985508,0.3164057971014491,25.001601080157954,32.348446707930165,12.75494840038653,16.61889599074174,18.763986778045663,-63.22139413233696,2.2897203,2.2313123711913505,-2.550876140140323,-58.40792880864942
Ai2020 paper,6-6,0.5,Discharge,76.5,68.0,0.5924038461538461,0.34759615384615383,0.6235942028985508,0.3164057971014491,23.769206862183328,31.386572406034976,11.037601809693042,15.536232756905525,17.489057450410794,-63.121394132336306,2.2903671,2.2313123711913505,-2.578395786799836,-59.05472880864959
Ai2020 paper,6-8,0.5,Discharge,76.5,68.0,0.5924038461538461,0.34759615384615383,0.6235942028985508,0.3164057971014491,21.315590100032097,29.87007523035162,7.0853092861349385,12.666124829869227,14.40769809686108,-66.22139413233708,2.2897484,2.2313123711913505,-2.552072044625061,-58.436028808649624
Ai2020 paper,6-5,1.0,Charge,76.5,68.0,0.5924038461538461,0.34759615384615383,0.6235942028985508,0.3164057971014491,36.42267846930627,50.375709845495024,-15.690204258707695,33.282647371385465,35.74392679586032,171.13132778835327,1.899352,1.8956336331389467,-0.19577028697435767,-3.7183668610532017
Ai2020 paper,6-6,1.0,Charge,76.5,68.0,0.5924038461538461,0.34759615384615383,0.6235942028985508,0.3164057971014491,34.22188970251112,49.30000902560172,-12.617579288676186,30.377662450064417,33.01925790748597,174.1313277883534,1.9087741,1.8956336331389467,-0.688424411304266,-13.140466861053302
Ai2020 paper,6-8,1.0,Charge,76.5,68.0,0.5924038461538461,0.34759615384615383,0.6235942028985508,0.3164057971014491,30.83614081590035,47.99780340325579,-7.295060378135583,25.339692930970063,27.89119114228277,182.1313277883534,1.9197487,1.8956336331389467,-1.2561574783748126,-24.115066861053247
Ai2020 paper,6-5,1.0,Discharge,76.5,68.0,0.5924038461538461,0.34759615384615383,0.6235942028985508,0.3164057971014491,29.240730743591616,35.37900717117932,16.44097447750989,20.160567387519915,23.717544266567966,-96.73514350898228,2.2603984,2.207590688485585,-2.336212568298358,-52.80771151441499
Ai2020 paper,6-6,1.0,Discharge,76.5,68.0,0.5924038461538461,0.34759615384615383,0.6235942028985508,0.3164057971014491,27.37086920209383,33.78167050821857,13.665715921186534,18.07375879419198,21.47008909921191,-97.4351435089824,2.2609308,2.207590688485585,-2.359210264834951,-53.34011151441498
Ai2020 paper,6-8,1.0,Discharge,76.5,68.0,0.5924038461538461,0.34759615384615383,0.6235942028985508,0.3164057971014491,23.903473318305345,31.32620592047764,7.155057396149707,14.070988187169991,16.785411625194207,-100.73514350898182,2.2625206,2.207590688485585,-2.4278192876747755,-54.92991151441507
Ai2020 paper,6-5,2.0,Charge,76.5,68.0,0.5924038461538461,0.34759615384615383,0.6235942028985508,0.3164057971014491,37.16544725819066,54.159661302761464,-9.242715911258761,27.72914559025616,30.309906937181886,176.98995671470863,1.4615742,1.4983548974075347,2.516512497794135,36.780697407534646
Ai2020 paper,6-6,2.0,Charge,76.5,68.0,0.5924038461538461,0.34759615384615383,0.6235942028985508,0.3164057971014491,35.99049990074268,53.6689216720773,-7.305838850260627,25.983526499448864,28.5464952571379,177.2899567147088,1.4620776,1.4983548974075347,2.481215593996838,36.27729740753472
Ai2020 paper,6-8,2.0,Charge,76.5,68.0,0.5924038461538461,0.34759615384615383,0.6235942028985508,0.3164057971014491,31.539343727114154,54.27999795050574,1.9429220963353078,18.71665927293642,20.95640815981568,198.3899567147085,1.5077586,1.4983548974075347,-0.6236875447081096,-9.403702592465368
Ai2020 paper,6-5,2.0,Discharge,76.5,68.0,0.5924038461538461,0.34759615384615383,0.6235942028985508,0.3164057971014491,25.232180255879058,29.45925287457589,14.634831806899912,22.357602121579344,23.564759297985596,-121.50101140679848,2.2148011,2.1552778266617483,-2.687522294360951,-59.523273338251585
Ai2020 paper,6-6,2.0,Discharge,76.5,68.0,0.5924038461538461,0.34759615384615383,0.6235942028985508,0.3164057971014491,23.645351778714176,28.178407720927748,12.568268486840678,20.345990570684364,21.563580123999433,-121.70101140679802,2.2142754,2.1552778266617483,-2.6644189488918917,-58.997573338251726
Ai2020 paper,6-8,2.0,Discharge,76.5,68.0,0.5924038461538461,0.34759615384615383,0.6235942028985508,0.3164057971014491,16.913293257349093,25.084319918383933,1.5284567583374764,10.404083487429212,11.792303532174985,-129.60101140679825,2.2188985,2.1552778266617483,-2.8672187275917134,-63.620673338251606
Thickness gauge,6-5,0.5,Charge,73.0,62.5,0.6208067702845099,0.31919322971549,0.6784704927536233,0.2615295072463767,29.328499864931608,38.21988649577416,-15.736569498351464,32.834711137840934,35.70057599938525,152.76140379902702,2.1426725,2.093662768907616,-2.28731787486815,-49.00973109238427
Thickness gauge,6-6,0.5,Charge,73.0,62.5,0.6208067702845099,0.31919322971549,0.6784704927536233,0.2615295072463767,28.5660335929585,37.36166168892893,-14.227611610590067,31.25396700409623,34.24388331840023,146.26140379902708,2.1458557,2.093662768907616,-2.4322665821557283,-52.19293109238387
Thickness gauge,6-8,0.5,Charge,73.0,62.5,0.6208067702845099,0.31919322971549,0.6784704927536233,0.2615295072463767,27.29212865681456,36.394880422441396,-11.764437745323796,28.608907599938,31.82928058846976,152.66140379902683,2.1492388,2.093662768907616,-2.585847188892368,-55.57603109238407
Thickness gauge,6-5,0.5,Discharge,73.0,62.5,0.6208067702845099,0.31919322971549,0.6784704927536233,0.2615295072463767,21.137329297983424,29.80962749744041,6.693225481166491,11.946731069696572,13.743758798447976,-64.96883222875205,2.2897203,2.2307869726438425,-2.573822110768613,-58.93332735615742
Thickness gauge,6-6,0.5,Discharge,73.0,62.5,0.6208067702845099,0.31919322971549,0.6784704927536233,0.2615295072463767,20.03931754329336,29.15121773811362,4.976310496171849,11.058448174270705,12.585040180852667,-64.86883222875139,2.2903671,2.2307869726438425,-2.601335277482705,-59.58012735615759
Thickness gauge,6-8,0.5,Discharge,73.0,62.5,0.6208067702845099,0.31919322971549,0.6784704927536233,0.2615295072463767,18.179204155549805,28.399131347769117,1.0238372706394199,9.072961948120472,10.220489604172856,-67.96883222875216,2.2897484,2.2307869726438425,-2.5750177336583184,-58.961427356157614
Thickness gauge,6-5,1.0,Charge,73.0,62.5,0.6208067702845099,0.31919322971549,0.6784704927536233,0.2615295072463767,30.56622855159042,48.04068287233777,-5.633085107461195,23.872790353609247,26.382730986010746,174.42311857476423,1.899352,1.8556588847142619,-2.300422211666824,-43.693115285738045
Thickness gauge,6-6,1.0,Charge,73.0,62.5,0.6208067702845099,0.31919322971549,0.6784704927536233,0.2615295072463767,29.21760470039482,47.56880640792474,-2.5680577532974507,21.31610526234267,23.89608898175088,177.42311857476435,1.9087741,1.8556588847142619,-2.782687342925396,-53.115215285738145
Thickness gauge,6-8,1.0,Charge,73.0,62.5,0.6208067702845099,0.31919322971549,0.6784704927536233,0.2615295072463767,27.008372923294402,47.36410457205558,2.7815760011732493,17.035933583990175,19.291180182041092,185.42311857476435,1.9197487,1.8556588847142619,-3.338448166978214,-64.0898152857381
Thickness gauge,6-5,1.0,Discharge,73.0,62.5,0.6208067702845099,0.31919322971549,0.6784704927536233,0.2615295072463767,21.312211213848023,28.948884461088237,3.164032999857194,12.00017164407593,13.71677361256696,-100.01260620697661,2.2603984,2.20547437887648,-2.4298380817965546,-54.92402112352002
Thickness gauge,6-6,1.0,Discharge,73.0,62.5,0.6208067702845099,0.31919322971549,0.6784704927536233,0.2615295072463767,20.159466578284928,28.385373570504896,0.3900003029355685,10.977832802065416,12.300906982994649,-100.71260620697674,2.2609308,2.20547437887648,-2.45281373156224,-55.45642112352
Thickness gauge,6-8,1.0,Discharge,73.0,62.5,0.6208067702845099,0.31919322971549,0.6784704927536233,0.2615295072463767,18.43818677760626,28.747333538073857,-6.117141725657778,9.497720625570006,11.231754374015072,-104.01260620697616,2.2625206,2.20547437887648,-2.521356982275436,-57.04622112352009
Thickness gauge,6-5,2.0,Charge,73.0,62.5,0.6208067702845099,0.31919322971549,0.6784704927536233,0.2615295072463767,26.17395875817564,52.784479388962815,11.690205177757262,11.09885276131648,12.259955449196227,182.74894013316256,1.4615742,1.3819930316893816,-5.444894163472402,-79.58116831061845
Thickness gauge,6-6,2.0,Charge,73.0,62.5,0.6208067702845099,0.31919322971549,0.6784704927536233,0.2615295072463767,25.648096509786374,53.035818295652206,13.720791462261435,10.090250922589993,11.261450802829525,183.04894013316274,1.4620776,1.3819930316893816,-5.477449918569191,-80.08456831061838
Thickness gauge,6-8,2.0,Charge,73.0,62.5,0.6208067702845099,0.31919322971549,0.6784704927536233,0.2615295072463767,26.262274918889897,57.82685119939808,23.1556548158808,8.351748559909414,11.706563743407619,204.14894013316243,1.5077586,1.3819930316893816,-8.341227057873752,-125.76556831061848
Thickness gauge,6-5,2.0,Discharge,73.0,62.5,0.6208067702845099,0.31919322971549,0.6784704927536233,0.2615295072463767,21.112639082806098,36.301450378741585,-20.981863119687933,6.171898495304897,7.417909917327627,-127.25105750002274,2.2148011,2.1321423404260273,-3.732107572728428,-82.6587595739725
Thickness gauge,6-6,2.0,Discharge,73.0,62.5,0.6208067702845099,0.31919322971549,0.6784704927536233,0.2615295072463767,23.067166001707363,37.466232661206064,-23.067166001707363,7.9880684791426315,9.247562617135252,-127.45105750002227,2.2142754,2.1321423404260273,-3.709252226438168,-82.13305957397266
Thickness gauge,6-8,2.0,Discharge,73.0,62.5,0.6208067702845099,0.31919322971549,0.6784704927536233,0.2615295072463767,34.06383749838906,45.48931702716518,-34.06383749838906,18.63264298682825,19.264634402886823,-135.35105750002253,2.2188985,2.1321423404260273,-3.9098750832438953,-86.75615957397254
SEM cross-section,6-5,0.5,Charge,81.52,62.965,0.5559236289348531,0.3840763710651468,0.6734599507202643,0.2665400492797356,32.5968797092854,41.38792889612335,-22.695903141033572,39.75455365913392,42.22770988133176,150.40230566028657,2.1426725,2.123748921034037,-0.8831764521159062,-18.923578965963195
SEM cross-section,6-6,0.5,Charge,81.52,62.965,0.5559236289348531,0.3840763710651468,0.6734599507202643,0.2665400492797356,31.45387065425153,40.33956349351347,-21.189411117869845,38.17380952538921,40.738426343393805,143.9023056602866,2.1458557,2.123748921034037,-1.0302080874293087,-22.106778965962803
SEM cross-section,6-8,0.5,Charge,81.52,62.965,0.5559236289348531,0.3840763710651468,0.6734599507202643,0.2665400492797356,29.777710786972957,39.02076491410306,-18.74243831124714,35.50889087759263,38.24956577286506,150.30230566028635,2.1492388,2.123748921034037,-1.1859956634862072,-25.489878965962998
SEM cross-section,6-5,0.5,Discharge,81.52,62.965,0.5559236289348531,0.3840763710651468,0.6734599507202643,0.2665400492797356,26.522042610328217,33.61687862228135,14.586215233109087,18.338573575744,20.63596906650714,-62.63441582416096,2.2897203,2.2313315565246747,-2.5500382503192722,-58.388743475325185
SEM cross-section,6-6,0.5,Discharge,81.52,62.965,0.5559236289348531,0.3840763710651468,0.6734599507202643,0.2665400492797356,25.26994450394108,32.582093003924726,12.86885593544799,17.237735901976542,19.347339106227604,-62.534415824160305,2.2903671,2.2313315565246747,-2.5775581335989917,-59.035543475325355
SEM cross-section,6-8,0.5,Discharge,81.52,62.965,0.5559236289348531,0.3840763710651468,0.6734599507202643,0.2665400492797356,22.7452178453269,30.876583845429753,8.916568247654068,14.265740511397945,16.182058664000984,-65.63441582416107,2.2897484,2.2313315565246747,-2.5512341650866697,-58.416843475325386
SEM cross-section,6-5,1.0,Charge,81.52,62.965,0.5559236289348531,0.3840763710651468,0.6734599507202643,0.2665400492797356,39.467273606063586,51.78368996323789,-19.659843666634426,36.84736648243535,39.113400126487825,170.06988904349862,1.899352,1.9177421043131395,0.9682304445484349,18.390104313139588
SEM cross-section,6-6,1.0,Charge,81.52,62.965,0.5559236289348531,0.3840763710651468,0.6734599507202643,0.2665400492797356,36.91302518165383,50.368351171463125,-16.527667400721924,33.81546634339646,36.330812435245434,173.06988904349873,1.9087741,1.9177421043131395,0.46983057414387003,8.968004313139488
SEM cross-section,6-8,1.0,Charge,81.52,62.965,0.5559236289348531,0.3840763710651468,0.6734599507202643,0.2665400492797356,32.85181845965833,48.56845780946472,-11.159058389457252,28.520834376451706,31.090253807958565,181.06988904349873,1.9197487,1.9177421043131395,-0.10452387267460878,-2.0065956868604573
SEM cross-section,6-5,1.0,Discharge,81.52,62.965,0.5559236289348531,0.3840763710651468,0.6734599507202643,0.2665400492797356,32.95465036489555,39.104214656348866,20.528274710767427,23.803398883255124,27.857963766282374,-95.67753269268486,2.2603984,2.2077717736588744,-2.328201362252145,-52.62662634112569
SEM cross-section,6-6,1.0,Discharge,81.52,62.965,0.5559236289348531,0.3840763710651468,0.6734599507202643,0.2665400492797356,31.024392885190192,37.32333630286392,17.75293469147055,21.6466090668222,25.56305399162414,-96.37753269268501,2.2609308,2.2077717736588744,-2.3512009452534186,-53.15902634112568
SEM cross-section,6-8,1.0,Discharge,81.52,62.965,0.5559236289348531,0.3840763710651468,0.6734599507202643,0.2665400492797356,27.16131466120627,34.28916191598724,11.24199116742673,17.065872845622685,20.63490771668529,-99.67753269268442,2.2625206,2.2077717736588744,-2.4198155959828944,-54.74882634112576
SEM cross-section,6-5,2.0,Charge,81.52,62.965,0.5559236289348531,0.3840763710651468,0.6734599507202643,0.2665400492797356,41.14717084638565,55.921936579322065,-14.985959570632412,33.411729068671164,35.57500370924546,175.29105217527618,1.4615742,1.5450013149107,5.708031443815852,83.42711491069998
SEM cross-section,6-6,2.0,Charge,81.52,62.965,0.5559236289348531,0.3840763710651468,0.6734599507202643,0.2665400492797356,39.819069774819845,55.26060441779106,-13.051706992112631,31.483524738726466,33.77881920145419,175.5910521752764,1.4620776,1.5450013149107,5.671635685458833,82.92371491070006
SEM cross-section,6-8,2.0,Charge,81.52,62.965,0.5559236289348531,0.3840763710651468,0.6734599507202643,0.2665400492797356,34.47726309385537,54.78756573259751,-4.059417245141506,23.196128841369493,25.668379324236604,196.69105217527604,1.5077586,1.5450013149107,2.470071463077708,37.24271491069997
SEM cross-section,6-5,2.0,Discharge,81.52,62.965,0.5559236289348531,0.3840763710651468,0.6734599507202643,0.2665400492797356,36.66000041874604,41.27631262259536,27.08970034115313,31.52558484267208,34.14642416175326,-119.80349495722908,2.2148011,2.1586991620232294,-2.5330463298383967,-56.10193797677043
SEM cross-section,6-6,2.0,Discharge,81.52,62.965,0.5559236289348531,0.3840763710651468,0.6734599507202643,0.2665400492797356,34.997035931800966,39.63851588562279,25.02625624793351,29.51397329177711,32.146699006430914,-120.00349495722861,2.2142754,2.1586991620232294,-2.509906309611288,-55.576237976770585
SEM cross-section,6-8,2.0,Discharge,81.52,62.965,0.5559236289348531,0.3840763710651468,0.6734599507202643,0.2665400492797356,27.044615690190454,33.263041203911676,13.979507770422426,19.447938613772482,22.49031049632621,-127.90349495722886,2.2188985,2.1586991620232294,-2.713028017134198,-60.199337976770465
