Scenario,C_rate,Direction,Full_RMSE_mV,Center10_70_RMSE_mV,Center10_70_MAE_mV,Capacity_error_pct,Capacity_error_mAh
OLD old-notebook-like,0.5,Charge,36.719381893021435,27.935005757337475,24.138591794482284,-3.4822100042839437,-74.72875511684924
OLD old-notebook-like,0.5,Discharge,37.69178721330087,13.57571910632592,12.589917560492848,1.2805800299645866,29.324542376718256
OLD old-notebook-like,1.0,Charge,44.46614911510435,17.98179826162136,15.639964318000684,-3.3806322574728327,-64.58126971068667
OLD old-notebook-like,1.0,Discharge,32.555498650880274,11.394663763616855,9.611834774867942,0.999827024009078,22.608558257468065
OLD old-notebook-like,2.0,Charge,49.15068158699709,15.727243635322017,12.033186007762586,-4.637213860190946,-68.79759946058294
OLD old-notebook-like,2.0,Discharge,20.991420489145835,6.589227573047839,5.800901547172251,-0.8020879553546726,-17.77611290100678
P0 anchored reference,0.5,Charge,38.59921450993762,37.78873283746021,35.13098196996443,-1.811622941769759,-38.87931020224341
P0 anchored reference,0.5,Discharge,32.71818489279632,15.981691507888925,13.890498902875883,0.1852186291409463,4.241366251836946
P0 anchored reference,1.0,Charge,47.98322849833841,29.63700012364879,27.188704513124517,-1.4814400270366026,-28.32084275336078
P0 anchored reference,1.0,Discharge,35.01657400395708,17.841489583316566,14.970698230008866,0.34206720256752715,7.734747843943198
P0 anchored reference,2.0,Charge,52.544063966956024,20.778535029058848,18.581345290537026,-1.5116425090860526,-22.63845461984282
P0 anchored reference,2.0,Discharge,20.821807059411658,9.472320249094318,8.57757739099651,-0.47094761330829166,-10.438076894381698
P2 anchored + endpoint start,0.5,Charge,37.432852957238445,38.05737748781355,35.461962289222974,-1.7140746040557484,-36.78600190490341
P2 anchored + endpoint start,0.5,Discharge,50.69023522889091,21.91862420749669,20.50108655157321,1.8057741051431266,41.35119903774524
P2 anchored + endpoint start,1.0,Charge,41.30202817924542,31.363950097016616,29.02446579364644,-0.8117797134147735,-15.535318202890778
P2 anchored + endpoint start,1.0,Discharge,49.03644869374955,23.113582935587214,20.62094699231118,2.0181954701667415,45.63674986404672
P2 anchored + endpoint start,2.0,Charge,40.956487759496625,23.97679047789875,21.599946645159918,0.27189026858425774,3.7011609463124535
P2 anchored + endpoint start,2.0,Discharge,22.50817837134461,16.479799239004382,16.10528859180783,1.156953060299614,25.636035019384718
