Case,kn_prefactor,kp_prefactor,kn_multiplier_vs_Ai2020,kp_multiplier_vs_Ai2020,C_rate,Direction,MAE_all_mV,MAE_SOC10_70_mV,N_all,N_SOC10_70,end_time_error_min,capacity_error_Ah,capacity_error_mAh
Current baseline,9.648533212e-07,9.648533212e-07,1.0,1.0,0.5,Charge,29.325041776199495,29.71412790001915,219,148,-3.7054334494767573,-0.07040323554005838,-70.40323554005838
Current baseline,9.648533212e-07,9.648533212e-07,1.0,1.0,0.5,Discharge,25.97178633883092,24.738327780567,243,148,0.6227747185254771,0.011832719651984064,11.832719651984064
Current baseline,9.648533212e-07,9.648533212e-07,1.0,1.0,1.0,Charge,31.12435527383029,31.81510814210589,100,74,-0.5198982505039496,-0.01975613351915008,-19.75613351915008
Current baseline,9.648533212e-07,9.648533212e-07,1.0,1.0,1.0,Discharge,34.86330494669845,39.795995178570585,120,74,0.21626344531871666,0.008218010922111232,8.218010922111233
Current baseline,9.648533212e-07,9.648533212e-07,1.0,1.0,2.0,Charge,36.55535629279976,33.00649119756235,40,33,0.6682341592772723,0.05078579610507269,50.785796105072684
Current baseline,9.648533212e-07,9.648533212e-07,1.0,1.0,2.0,Discharge,28.683129292933938,28.393894245910875,58,37,-0.32275549604524656,-0.024529417699438737,-24.52941769943874
EIS kn only,2.48e-07,9.648533212e-07,0.2570338874841197,1.0,0.5,Charge,43.89527411232637,27.841073781605097,204,148,-11.16479298633051,-0.2121310667402797,-212.1310667402797
EIS kn only,2.48e-07,9.648533212e-07,0.2570338874841197,1.0,0.5,Discharge,40.321897609894414,30.93944349128027,243,148,0.28853641364621296,0.005482191859278046,5.482191859278046
EIS kn only,2.48e-07,9.648533212e-07,0.2570338874841197,1.0,1.0,Charge,47.529488559801216,34.15374614840436,91,74,-4.936343785875387,-0.18758106386326467,-187.58106386326466
EIS kn only,2.48e-07,9.648533212e-07,0.2570338874841197,1.0,1.0,Discharge,36.89779574868872,26.013682139078213,119,74,-0.01937319802642179,-0.000736181525004028,-0.736181525004028
EIS kn only,2.48e-07,9.648533212e-07,0.2570338874841197,1.0,2.0,Charge,48.440673659552026,34.64682647187208,34,27,-2.500805125917939,-0.19006118956976334,-190.06118956976334
EIS kn only,2.48e-07,9.648533212e-07,0.2570338874841197,1.0,2.0,Discharge,43.671732359564416,38.0560892624897,58,37,-0.5579172043161265,-0.042401707528025606,-42.401707528025604
EIS kp only,9.648533212e-07,3.12e-07,1.0,0.32336521328647316,0.5,Charge,25.113905562449542,12.67728244128288,214,148,-6.32937158974903,-0.12025806020523157,-120.25806020523157
EIS kp only,9.648533212e-07,3.12e-07,1.0,0.32336521328647316,0.5,Discharge,22.741313382987503,14.775135549261394,243,148,0.41951954557805493,0.007970871365983043,7.970871365983044
EIS kp only,9.648533212e-07,3.12e-07,1.0,0.32336521328647316,1.0,Charge,23.894509380417702,9.662485241622054,96,74,-2.6946815978718135,-0.10239790071912891,-102.39790071912891
EIS kp only,9.648533212e-07,3.12e-07,1.0,0.32336521328647316,1.0,Discharge,23.39569899218048,15.453595198487728,120,74,0.044928013532356204,0.0017072645142295355,1.7072645142295355
EIS kp only,9.648533212e-07,3.12e-07,1.0,0.32336521328647316,2.0,Charge,29.29546103962958,14.47121267305836,36,29,-1.3363941567764641,-0.10156595591501126,-101.56595591501126
EIS kp only,9.648533212e-07,3.12e-07,1.0,0.32336521328647316,2.0,Discharge,29.97368079785416,25.757545558645084,58,37,-0.5135072662928479,-0.03902655223825644,-39.02655223825644
EIS kn + kp,2.48e-07,3.12e-07,0.2570338874841197,0.32336521328647316,0.5,Charge,69.21878531102475,53.091190665536104,198,148,-14.04595444501102,-0.2668731344552093,-266.8731344552093
EIS kn + kp,2.48e-07,3.12e-07,0.2570338874841197,0.32336521328647316,0.5,Discharge,61.411246689274634,56.9746313390389,243,148,0.03559150795879873,0.0006762386512171758,0.6762386512171757
EIS kn + kp,2.48e-07,3.12e-07,0.2570338874841197,0.32336521328647316,1.0,Charge,86.84526457990465,71.88055345311224,85,72,-7.794555542118047,-0.29619311060048575,-296.19311060048574
EIS kn + kp,2.48e-07,3.12e-07,0.2570338874841197,0.32336521328647316,1.0,Discharge,75.2790621530185,66.19421848385704,119,74,-0.23516615549834086,-0.008936313908936951,-8.93631390893695
EIS kn + kp,2.48e-07,3.12e-07,0.2570338874841197,0.32336521328647316,2.0,Charge,102.88304998294969,87.26840204885572,27,20,-5.801679358710732,-0.4409276312620156,-440.9276312620156
EIS kn + kp,2.48e-07,3.12e-07,0.2570338874841197,0.32336521328647316,2.0,Discharge,95.88311412547023,92.00536525027731,57,37,-0.8651356267318384,-0.06575030763161972,-65.75030763161972
EIS kn N4 only,7.4e-07,9.648533212e-07,0.766955954589712,1.0,0.5,Charge,26.880372077499285,22.5183090144184,217,148,-4.83921135749118,-0.09194501579233243,-91.94501579233243
EIS kn N4 only,7.4e-07,9.648533212e-07,0.766955954589712,1.0,0.5,Discharge,22.465454251910884,17.855704654034447,243,148,0.5649880603637456,0.010734773146911165,10.734773146911165
EIS kn N4 only,7.4e-07,9.648533212e-07,0.766955954589712,1.0,1.0,Charge,24.60014759515593,19.906502193368297,98,74,-1.248280562459776,-0.047434661373471486,-47.434661373471485
EIS kn N4 only,7.4e-07,9.648533212e-07,0.766955954589712,1.0,1.0,Discharge,26.56803369055341,28.84449497685923,120,74,0.17537557356641997,0.006664271795523958,6.664271795523958
EIS kn N4 only,7.4e-07,9.648533212e-07,0.766955954589712,1.0,2.0,Charge,27.174086659417963,19.854716201266182,40,33,0.1441190776036656,0.010953049897878585,10.953049897878586
EIS kn N4 only,7.4e-07,9.648533212e-07,0.766955954589712,1.0,2.0,Discharge,19.252057418693518,17.290588220101075,58,37,-0.3637976971417842,-0.027648624982775597,-27.648624982775598
EIS kn N4 + kp,7.4e-07,3.12e-07,0.766955954589712,0.32336521328647316,0.5,Charge,27.20618787992644,11.722520324535145,211,148,-7.5543749722330205,-0.14353312447242736,-143.53312447242735
EIS kn N4 + kp,7.4e-07,3.12e-07,0.766955954589712,0.32336521328647316,0.5,Discharge,26.29760378070427,17.837378037949303,243,148,0.35303651790367496,0.006707693840169823,6.707693840169823
EIS kn N4 + kp,7.4e-07,3.12e-07,0.766955954589712,0.32336521328647316,1.0,Charge,33.26018343265556,18.392553443417757,94,74,-3.507935405979673,-0.13330154542722755,-133.30154542722755
EIS kn N4 + kp,7.4e-07,3.12e-07,0.766955954589712,0.32336521328647316,1.0,Discharge,28.67390116913624,19.356032574031897,119,74,-0.004218918626563095,-0.0001603189078093976,-0.1603189078093976
EIS kn N4 + kp,7.4e-07,3.12e-07,0.766955954589712,0.32336521328647316,2.0,Charge,42.33501664555577,27.837750203452742,35,28,-1.9967679721478042,-0.1517543658832331,-151.7543658832331
EIS kn N4 + kp,7.4e-07,3.12e-07,0.766955954589712,0.32336521328647316,2.0,Discharge,42.399008751437364,37.8993506324901,58,37,-0.5619707246353585,-0.04270977507228724,-42.709775072287236
