initial_state_alpha,initial_state_interpretation,C_rate,Direction,MAE_all_mV,MAE_SOC10_70_mV,N_all,N_SOC10_70,end_time_error_min,capacity_error_Ah
-1.0,history/opposite branch,0.5,Charge,43.704980751078395,52.88488267541578,221,148,-2.793425232654201,-0.053075079420429806
-1.0,history/opposite branch,0.5,Discharge,84.06933423707575,78.27993021434395,243,148,1.4475294566751842,0.027503059676828496
-1.0,history/opposite branch,1.0,Charge,48.76191764948506,55.71767806287262,101,74,-0.127846341129775,-0.004858160962931449
-1.0,history/opposite branch,1.0,Discharge,94.8682652006952,95.57227597753963,120,74,0.9322007089003819,0.03542362693821451
-1.0,history/opposite branch,2.0,Charge,61.04496170701392,57.34285647852121,40,33,0.8253056657348559,0.06272323059584904
-1.0,history/opposite branch,2.0,Discharge,87.03470681451357,90.62052838920658,60,37,0.3132282283425454,0.023805345354033447
-0.5,partial,0.5,Charge,35.995300155594805,38.892370243218885,218,148,-4.106070263710265,-0.07801533501049503
-0.5,partial,0.5,Discharge,67.55933191671537,64.40860124716784,243,148,1.4130382796573997,0.026847727313490593
-0.5,partial,1.0,Charge,36.37922954001401,39.42090023071122,99,74,-0.8965575465291593,-0.03406918676810806
-0.5,partial,1.0,Discharge,78.03706224901936,81.49124755834336,120,74,0.9049670132041499,0.034388746501757696
-0.5,partial,2.0,Charge,44.432350494066064,41.00797218218254,40,33,0.31684034951468476,0.024079866563116042
-0.5,partial,2.0,Discharge,69.26422725080667,75.51940688801413,60,37,0.2823920690192203,0.021461797245460743
0.0,neutral,0.5,Charge,31.14823047430192,28.014785244310335,215,148,-5.495208981718704,-0.10440897065265538
0.0,neutral,0.5,Discharge,51.04910850185406,50.48666585487416,243,148,1.3777963526342205,0.02617813070005019
0.0,neutral,1.0,Charge,26.621939260397344,25.036202465859937,98,74,-1.714718252948849,-0.06515929361205626
0.0,neutral,1.0,Discharge,61.43821940266275,67.29055168201543,120,74,0.8771605267915703,0.033332100018079666
0.0,neutral,2.0,Charge,29.47303186234486,25.68988812364634,39,32,-0.19535837827545421,-0.014847236748934518
0.0,neutral,2.0,Discharge,52.19934123272108,60.078072674899296,60,37,0.24979708222263852,0.018984578248920525
0.5,partial,0.5,Charge,28.9503542207028,20.272535789839147,212,148,-6.979138833601411,-0.1326036378384268
0.5,partial,0.5,Discharge,36.747608821689916,36.477211021723605,243,148,1.3413909005096656,0.025486427109683643
0.5,partial,1.0,Charge,21.463677450539663,14.397850743222817,96,74,-2.5918622493010943,-0.09849076547344157
0.5,partial,1.0,Discharge,47.179603636176935,52.922113780653945,120,74,0.8489188010903703,0.03225891444143407
0.5,partial,2.0,Charge,16.58583846419655,11.321121430897135,37,30,-0.8337612927211531,-0.06336585824680763
0.5,partial,2.0,Discharge,35.985719178402405,44.22507427043725,60,37,0.2151424630243639,0.016350827189851657
1.0,target branch,0.5,Charge,30.215523807646395,16.266945945600433,209,148,-8.56086748730074,-0.16265648225871404
1.0,target branch,0.5,Discharge,33.50539393907784,23.928021950758197,243,148,1.3036916987450127,0.02477014227615524
1.0,target branch,1.0,Charge,22.321141406700097,10.556968985930116,94,74,-3.5367202037656185,-0.1343953677430935
1.0,target branch,1.0,Discharge,40.3937904144765,38.384927623949686,120,74,0.8201368757404168,0.031165201278135837
1.0,target branch,2.0,Charge,14.709410157144838,5.47178281738854,36,29,-1.5401795213328242,-0.11705364362129463
1.0,target branch,2.0,Discharge,25.076364732899915,27.892310223742236,60,37,0.177668254794078,0.013502787364349926
