Case,Rn_um,Rp_um,Dynamic_MAE_SOC10_70_mV,Charge_MAE_SOC10_70_mV,Discharge_MAE_SOC10_70_mV,Mean_abs_capacity_error_mAh,Max_abs_capacity_error_mAh
"Rn=2,Rp=2",2.0,2.0,75.2896798068074,76.89295942205632,73.68640019155848,77.06365740008862,221.63982537910508
"Rn=2,Rp=3",2.0,3.0,65.32707984403886,68.06661387406487,62.587545814012856,68.52085257582014,187.86071949418252
"Rn=2,Rp=4",2.0,4.0,56.31895379542717,59.88040647612318,52.75750111473116,59.48083149244939,153.0689603118187
"Rn=2,Rp=5",2.0,5.0,48.043208799687335,52.254593757263336,43.83182384211133,50.642864402302536,120.33010823312814
"Rn=3,Rp=2",3.0,2.0,62.855084015552215,62.81075052212261,62.89941750898182,60.34445483073065,172.1266999493907
"Rn=3,Rp=3",3.0,3.0,52.89766704948573,53.98650489027924,51.808829208692224,51.22190062168582,135.35338033178903
"Rn=3,Rp=4",3.0,4.0,43.89266455377495,45.801467731211666,41.98386137633823,42.74440327962714,100.89928158107945
"Rn=3,Rp=5",3.0,5.0,35.6457560592111,38.229788719539584,33.06172339888261,36.465188154913,66.29363248992567
"Rn=4,Rp=2",4.0,2.0,51.58104328222607,50.782880677368546,52.37920588708361,43.11134085366016,128.03449783218747
"Rn=4,Rp=3",4.0,3.0,41.63426013682276,41.976372656566035,41.292147617079486,34.357058879020094,91.56854620161346
"Rn=4,Rp=4",4.0,4.0,32.68846514948278,33.907535022060934,31.46939527690462,30.534842305006023,64.29274649510126
"Rn=4,Rp=5",4.0,5.0,24.55356334488366,26.50856118611168,22.598565503655635,28.468772319915995,75.78386109276617
"Rn=5,Rp=2",5.0,2.0,41.08234376297083,40.16862906123212,41.99605846470954,32.04147356106549,88.80105458104136
"Rn=5,Rp=3",5.0,3.0,31.24399074078931,31.511909079895798,30.976072401682817,30.920885572969194,70.40323554005838
"Rn=5,Rp=4",5.0,4.0,22.666468988777662,23.634269916939513,21.698668060615812,29.983936590940466,81.25518314981673
"Rn=5,Rp=5",5.0,5.0,16.15606190788091,17.486325141741528,14.825798674020296,37.41726229286097,92.87763553432629
