Cell,C_rate,Direction,Current_A,Experimental_jump_mV,DFN_jump_mV,Unexplained_jump_mV,Apparent_extra_R0_mOhm
6-5,0.5,Charge,1.1398885,45.90000000000005,193.31538253559222,-147.41538253559216,-129.32438789898498
6-6,0.5,Charge,1.1399481,46.499999999999986,193.31538253559222,-146.81538253559222,-128.79128666962313
6-8,0.5,Charge,1.1399958,42.20000000000024,193.31538253559222,-151.11538253559198,-132.55784147239137
6-5,0.5,Discharge,1.1398882,29.09999999999968,92.59180826117674,-63.49180826117706,-55.70003116198331
6-6,0.5,Discharge,1.1399744,29.500000000000526,92.59180826117674,-63.09180826117622,-55.344934290784266
6-8,0.5,Discharge,1.1399031,26.89999999999948,92.59180826117674,-65.69180826117727,-57.62929170135363
6-5,1.0,Charge,2.2799094,79.60000000000011,251.9388416199675,-172.33884161996738,-75.5902149532641
6-6,1.0,Charge,2.2799649000000004,76.99999999999996,251.9388416199675,-174.93884161996755,-76.72874333283268
6-8,1.0,Charge,2.2799857,70.8000000000002,251.9388416199675,-181.1388416199673,-79.44735864789297
6-5,1.0,Discharge,2.27984,59.00000000000016,156.64211292924878,-97.64211292924863,-42.82849363518871
6-6,1.0,Discharge,2.2799306,58.79999999999974,156.64211292924878,-97.84211292924905,-42.91451368267484
6-8,1.0,Discharge,2.2800014,56.00000000000005,156.64211292924878,-100.64211292924874,-44.14125049627107
6-5,2.0,Charge,4.5598948,141.79999999999993,322.89927007247866,-181.09927007247873,-39.71566845631586
6-6,2.0,Charge,4.5598936,141.39999999999998,322.89927007247866,-181.49927007247868,-39.80340025312843
6-8,2.0,Charge,4.5597544,128.70000000000027,322.89927007247866,-194.19927007247838,-42.58985310096491
6-5,2.0,Discharge,4.559809700000001,115.49999999999994,238.82131648013427,-123.32131648013433,-27.04527701674355
6-6,2.0,Discharge,4.5600405,115.70000000000036,238.82131648013427,-123.12131648013391,-27.000048898717875
6-8,2.0,Discharge,4.5599067,108.29999999999984,238.82131648013427,-130.52131648013443,-28.62368137491375
