Candidate,x0,x100,y100,y0,hysteresis_scale,qOCV_MAE_2_98_mV,qOCV_RMSE_2_98_mV,qOCV_SOC0_error_mV,qOCV_SOC100_error_mV,qOCV_max_endpoint_abs_mV,C20_charge_MAE_2_98_mV,C20_discharge_MAE_2_98_mV,C20_branch_mean_MAE_2_98_mV,measured_C20_hysteresis_MAE_2_98_mV,predicted_C20_hysteresis_MAE_2_98_mV,x0_distance_to_bound,y100_distance_to_bound,inside_halfcell_coverage,scale,Dynamic_MAE_SOC10_70_mV,Mean_abs_capacity_error_Ah,Max_abs_capacity_error_Ah,Charge_MAE_SOC10_70_mV,Charge_mean_capacity_error_Ah,Discharge_MAE_SOC10_70_mV,Discharge_mean_capacity_error_Ah,admissible,pareto_optimal,final_admissible
Common scale 0.35,0.0014045163063722,0.7736233049071565,0.4507120950658858,0.9590036043934697,0.35,12.311082086615512,14.56398404336796,-10.000000000004228,-10.000000000000677,10.000000000004228,12.43751735965739,15.921096790974527,14.17930707531596,42.17203222494368,36.955722193553584,0.0014045163063722,0.0323777413744514,True,0.35,44.35997825118863,0.0248422525868034,0.0408617773666054,27.36050707560777,-0.013590668979942,61.35944942676949,0.0257575346981029,True,True,True
Common scale 0.40,0.0014045163063722,0.7736233049071565,0.4507120950658858,0.9590036043934697,0.4,12.311082086615512,14.56398404336796,-10.000000000004228,-10.000000000000677,10.000000000004228,13.7899409271704,14.434752457471369,14.112346692320884,42.17203222494368,42.235111078346975,0.0014045163063722,0.0323777413744514,True,0.4,41.88026797926727,0.0252962608928059,0.0464616220338394,25.02629381308169,-0.0209279154875494,58.73424214545284,0.0253607926075347,True,True,True
Common scale 0.45,0.0014045163063722,0.7736233049071565,0.4507120950658858,0.9590036043934697,0.45,12.311082086615512,14.56398404336796,-10.000000000004228,-10.000000000000677,10.000000000004228,15.54796758211628,13.42404200107381,14.486004791595043,42.17203222494368,47.51449996314035,0.0014045163063722,0.0323777413744514,True,0.45,39.556123610299245,0.0267034784033135,0.0528817632137504,23.002763644037472,-0.028449102755673,56.10948357656103,0.0249578540509539,True,True,True
Common scale 0.50,0.0014045163063722,0.7736233049071565,0.4507120950658858,0.9590036043934697,0.5,12.311082086615512,14.56398404336796,-10.000000000004228,-10.000000000000677,10.000000000004228,17.906219568278182,12.510961613283325,15.208590590780751,42.17203222494368,52.79388884793372,0.0014045163063722,0.0323777413744514,True,0.5,37.16928867240584,0.0303646185005354,0.0601312398113259,20.856971370829253,-0.0361763061309169,53.48160597398242,0.0245529308701539,True,True,True
Common scale 0.55,0.0014045163063722,0.7736233049071565,0.4507120950658858,0.9590036043934697,0.55,12.311082086615512,14.56398404336796,-10.000000000004228,-10.000000000000677,10.000000000004228,20.360715115264963,11.664290686387444,16.012502900826203,42.17203222494368,58.073277732727135,0.0014045163063722,0.0323777413744514,True,0.55,34.94984951586138,0.0340234327784667,0.067653141112606,19.047539836076115,-0.0439023810786989,50.85215919564664,0.0241444844782345,True,True,True
Common scale 0.60,0.0014045163063722,0.7736233049071565,0.4507120950658858,0.9590036043934697,0.6,12.311082086615512,14.56398404336796,-10.000000000004228,-10.000000000000677,10.000000000004228,22.90599295451046,10.87646869108444,16.89123082279745,42.17203222494368,63.35266661752045,0.0014045163063722,0.0323777413744514,True,0.6,32.68045020538693,0.0376507978005657,0.0753386778546431,17.139539038033316,-0.0515690671576353,48.22136137274055,0.0237325284434961,True,True,False
Common scale 0.65,0.0014045163063722,0.7736233049071565,0.4507120950658858,0.9590036043934697,0.65,12.311082086615512,14.56398404336796,-10.000000000004228,-10.000000000000677,10.000000000004228,25.530185270275908,10.198709165413629,17.86444721784477,42.17203222494368,68.63205550231382,0.0014045163063722,0.0323777413744514,True,0.65,30.50130884422677,0.0412408783614007,0.0831101200949256,15.414926257983632,-0.0591635168077761,45.58769143046991,0.0233182399150253,True,True,False
Common scale 0.70,0.0014045163063722,0.7736233049071565,0.4507120950658858,0.9590036043934697,0.7,12.311082086615512,14.56398404336796,-10.000000000004228,-10.000000000000677,10.000000000004228,28.16987971267258,10.184448335689163,19.177164024180872,42.17203222494368,73.9114443871072,0.0014045163063722,0.0323777413744514,True,0.7,28.381319038641767,0.0447834429848467,0.0909827101500268,13.810540564421425,-0.0666666339913692,42.9520975128621,0.0229002519783242,True,True,False
Common scale 0.80,0.0014045163063722,0.7736233049071565,0.4507120950658858,0.9590036043934697,0.8,12.311082086615512,14.56398404336796,-10.000000000004228,-10.000000000000677,10.000000000004228,33.449268597465974,13.180164776143624,23.3147166868048,42.17203222494368,84.47022215669396,0.0014045163063722,0.0323777413744514,True,0.8,24.405490286435366,0.0516898664341418,0.1068817989134218,11.077845097792334,-0.0813238446081966,37.733135475078406,0.022055888260087,False,True,False
Common scale 1.00,0.0014045163063722,0.7736233049071565,0.4507120950658858,0.9590036043934697,1.0,12.311082086615512,14.56398404336796,-10.000000000004228,-10.000000000000677,10.000000000004228,44.0080463670527,21.48452162852391,32.746283997788304,42.17203222494368,105.58777769586742,0.0014045163063722,0.0323777413744514,True,1.0,18.842039818658645,0.0685995837259419,0.1394758430216546,9.242215303939174,-0.1168853957551975,28.44186433337812,0.0203137716966864,False,True,False
