Area_policy,Cell,C_rate,Direction,Full_MAE_mV,Full_RMSE_mV,Full_Bias_mV,Center10_70_MAE_mV,Center10_70_RMSE_mV,Initial_voltage_error_mV,Q_end_exp_Ah,Q_end_model_Ah,Capacity_error_pct,Capacity_error_mAh
DFN area,6-5,0.5,Charge,38.18238948498553,45.50628403176985,-31.074194147558973,48.4134319699093,50.363607266212504,133.60150648422353,2.1426725,2.1276720033305625,-0.7000835017688284,-15.000496669437702
DFN area,6-6,0.5,Charge,36.91814477318598,44.27118875878129,-29.568109572812073,46.832687836164595,48.83395142597037,127.10150648422358,2.1458557,2.1276720033305625,-0.8473867403776177,-18.18369666943731
DFN area,6-8,0.5,Charge,35.054187927179406,42.550830376105345,-27.123015261717395,44.16776918836801,46.27444427819663,133.5015064842233,2.1492388,2.1276720033305625,-1.0034620940882655,-21.566796669437505
DFN area,6-5,1.0,Charge,45.16920287641942,53.95923961383853,-28.961952451929275,46.202573731904,47.79517793691922,152.749657461122,1.899352,1.9130506168262953,0.7212258089230097,13.698616826295362
DFN area,6-6,1.0,Charge,42.41057703475362,52.07175618760968,-25.77592332937068,43.13162042313966,44.914931393340304,155.74965746112213,1.9087741,1.9130506168262953,0.224045204002677,4.276516826295262
DFN area,6-8,1.0,Charge,38.12274897229103,49.40158991083038,-20.411669674140725,37.579020097683426,39.52329907235102,163.74965746112213,1.9197487,1.9130506168262953,-0.34890416509747774,-6.698083173704683
DFN area,6-5,2.0,Charge,43.857095700505226,55.1599649764186,-21.544591257369305,38.823655370675816,40.68106075725161,159.09934841261907,1.4615742,1.5058720706812034,3.0308328295069376,44.29787068120339
DFN area,6-6,2.0,Charge,42.42148530292032,54.22380208104205,-19.60469556995449,36.861727512085295,38.774088178492875,159.39934841261928,1.4620776,1.5058720706812034,2.995358842868768,43.79447068120346
DFN area,6-8,2.0,Charge,36.1257570390635,52.50661432967576,-10.091416102726845,27.39536714011043,30.118662218681802,180.49934841261893,1.5077586,1.5058720706812034,-0.12512144310081375,-1.8865293187966259
DFN area,6-5,0.5,Discharge,37.12245788183547,44.65805241329736,33.53421170499659,25.34802818879702,27.796694644420086,-52.813039579268306,2.2897203,2.296659293704515,0.3030498399527229,6.938993704515006
DFN area,6-6,0.5,Discharge,35.53230503516417,42.71424066634753,31.77304140663774,24.139319390167987,26.469114565287356,-52.71303957926765,2.2903671,2.296659293704515,0.27472424418403657,6.292193704514837
DFN area,6-8,0.5,Discharge,32.368350535484346,39.477538501632125,27.877364226133214,20.70843588096462,23.022131135380697,-55.81303957926842,2.2897484,2.296659293704515,0.3018189118295621,6.910893704514809
DFN area,6-5,1.0,Discharge,43.1290333224224,50.116507445681414,37.908373973729475,31.44759926083035,34.568909089523075,-81.97106385038299,2.2603984,2.2734598754628874,0.5778395287701173,13.061475462887273
DFN area,6-6,1.0,Discharge,40.781215474493386,47.622823308130116,35.12362639058165,28.975343735309224,32.11038143440622,-82.67106385038315,2.2609308,2.2734598754628874,0.554155636381586,12.529075462887285
DFN area,6-8,1.0,Discharge,35.445862708546095,42.118431085983076,28.57024339832743,23.186613909279025,26.474543290055017,-85.97106385038256,2.2625206,2.2734598754628874,0.4834994856129574,10.939275462887199
DFN area,6-5,2.0,Discharge,28.702490905803803,31.293165071812243,23.87207319125046,31.05282130342939,31.45726265726015,-104.82242023250343,2.2148011,2.214539023354714,-0.011832965284597352,-0.26207664528588026
DFN area,6-6,2.0,Discharge,26.95649689393188,29.592015126582027,21.87375359915899,29.041209752534407,29.44049714443848,-105.02242023250297,2.2142754,2.214539023354714,0.011905626315225785,0.263623354713971
DFN area,6-8,2.0,Discharge,18.832190061979976,22.464838942877655,10.69736182857374,18.396635244848788,18.94147634764609,-112.92242023250321,2.2188985,2.214539023354714,-0.19647030476093924,-4.359476645285909
Teardown overlap area,6-5,0.5,Charge,36.883934511584386,44.36098853291902,-29.28183975498018,46.5939859398946,48.61371643827292,135.4164405106406,2.1426725,2.1226750891598494,-0.9332929246140429,-19.99741084015083
Teardown overlap area,6-6,0.5,Charge,35.67650920472115,43.155321089223065,-27.775279250990604,45.01324180614989,47.08847721551482,128.91644051064065,2.1458557,2.1226750891598494,-1.0802502162727177,-23.18061084015044
Teardown overlap area,6-8,0.5,Charge,33.87533852980416,41.49483429842899,-25.327732453226055,42.34832315835331,44.538313017311815,135.3164405106404,2.1492388,2.1226750891598494,-1.2359590214056546,-26.563710840150634
Teardown overlap area,6-5,1.0,Charge,42.564695201781305,52.30222845188414,-25.723744352788408,43.05378692744603,44.764002327614385,155.04124946203123,1.899352,1.9034155802986457,0.2139456140118172,4.06358029864573
Teardown overlap area,6-6,1.0,Charge,39.96634089083903,50.627494247177275,-22.600941632015964,39.98283361868168,41.906966200220346,158.04124946203135,1.9087741,1.9034155802986457,-0.2807309519421062,-5.3585197013543695
Teardown overlap area,6-8,1.0,Charge,35.971527361070144,48.279965527853,-17.283801729599386,34.4402349701129,36.551824506293194,166.04124946203137,1.9197487,1.9034155802986457,-0.8507946743943265,-16.333119701354313
Teardown overlap area,6-5,2.0,Charge,39.72573246623756,52.8585049368838,-16.15814631396998,33.22535374870971,35.38249405694026,161.9186981343721,1.4615742,1.4814828729643816,1.3621390528364272,19.90867296438159
Teardown overlap area,6-6,2.0,Charge,38.35534060999676,52.07392641777665,-14.217208210322827,31.26228005627312,33.48451990984289,162.2186981343723,1.4620776,1.4814828729643816,1.32723960509221,19.40527296438166
Teardown overlap area,6-8,2.0,Charge,32.96838041285692,51.70386819697574,-4.781613595155716,22.68178371109328,25.378866300756986,183.31869813437197,1.5077586,1.4814828729643816,-1.742701188082656,-26.275727035618424
Teardown overlap area,6-5,0.5,Discharge,35.451364476735364,42.90543413992319,31.47017949739836,23.502594949108026,25.96345732119266,-53.96081301931144,2.2897203,2.2964525230145103,0.2940194492100356,6.7322230145103745
Teardown overlap area,6-6,0.5,Discharge,33.8731723997978,40.975412452331845,29.70890386918281,22.31299255813709,24.64039934105704,-53.86081301931078,2.2903671,2.2964525230145103,0.2656964036249999,6.085423014510205
Teardown overlap area,6-8,0.5,Discharge,30.75493716083988,37.808494860603815,25.813327740584647,18.95603925966734,21.237343363496436,-56.96081301931155,2.2897484,2.2964525230145103,0.2927886319086489,6.704123014510177
Teardown overlap area,6-5,1.0,Discharge,39.87981859653191,46.69652601760161,34.04769341477872,27.960455976184356,31.159291588782974,-83.8628724456969,2.2603984,2.2729065097638363,0.5533586364172,12.508109763836206
Teardown overlap area,6-6,1.0,Discharge,37.57066162597062,44.26536922817959,31.262689530069,25.55146799839787,28.73002885573964,-84.56287244569705,2.2609308,2.2729065097638363,0.5296805087460534,11.975709763836218
Teardown overlap area,6-8,1.0,Discharge,32.34956818345745,38.96447351853164,24.708418004240315,19.94632156159484,23.224144545304355,-87.86287244569647,2.2625206,2.2729065097638363,0.4590415558574861,10.385909763836132
Teardown overlap area,6-5,2.0,Discharge,22.90088475035446,25.56196714226365,15.115034352722482,24.351340141790494,24.700110621880487,-107.49486703846812,2.2148011,2.2088041465764414,-0.27076713225212135,-5.996953423558438
Teardown overlap area,6-6,2.0,Discharge,21.30922478374855,24.170363475749063,13.106191194071465,22.33972859089551,22.70713809362927,-107.69486703846765,2.2142754,2.2088041465764414,-0.24709001525097496,-5.471253423558586
Teardown overlap area,6-8,2.0,Discharge,15.072447456683799,20.579179007697583,1.9465809368039027,11.701214331024882,12.328838908763494,-115.59486703846788,2.2188985,2.2088041465764414,-0.4549263259927602,-10.094353423558466
