Scenario,Cell,C_rate,Direction,Full_time_feasible,Time_margin_min,Overlap_time_RMSE_mV,Overlap_time_bias_mV,Physical_time_RMSE_mV,Physical_time_bias_mV,Capacity_aligned_full_RMSE_mV,Experimental_cutoff_capacity_Ah,Model_cutoff_capacity_Ah,Capacity_error_pct,Capacity_error_mAh
July final,6-5,0.5,Charge,True,0.33400053690417053,49.98658237205409,-40.454719489595675,49.98658237205409,-40.454719489595675,49.83073118923678,2.1426725,2.149124018728092,0.3010968184868102,6.4515187280917985
July final,6-6,0.5,Charge,True,0.18400053690416485,48.47847174140901,-38.9572821265806,48.47847174140901,-38.9572821265806,48.37731827939444,2.1458557,2.149124018728092,0.15230841142264087,3.26831872809219
July final,6-8,0.5,Charge,True,0.0006672035708419344,46.44466490051254,-36.454424557347686,46.44466490051254,-36.454424557347686,46.22385115586113,2.1492388,2.149124018728092,-0.0053405546144060095,-0.11478127190800436
July final,6-5,1.0,Charge,True,1.199365483613164,58.56995734169946,-44.614064469725356,58.56995734169946,-44.614064469725356,58.866304895632375,1.899352,1.94490274627822,2.3982256200125143,45.55074627822009
July final,6-6,1.0,Charge,True,0.949365483613164,56.037967329720566,-41.40598789411605,56.037967329720566,-41.40598789411605,56.30039772807095,1.9087741,1.94490274627822,1.892767000464853,36.12864627821999
July final,6-8,1.0,Charge,True,0.6493654836131668,51.96853026327228,-35.93257912193263,51.96853026327228,-35.93257912193263,52.15444541392393,1.9197487,1.94490274627822,1.310278073282198,25.154046278220044
July final,6-5,2.0,Charge,True,1.1318272262123301,60.19901786579053,-40.8988272040556,60.19901786579053,-40.8988272040556,59.88352146606201,1.4615742,1.5477004750176484,5.892706303768112,86.12627501764835
July final,6-6,2.0,Charge,True,1.1318272262123301,58.73382328347661,-38.98301787264626,58.73382328347661,-38.98301787264626,58.381956297137,1.4620776,1.5477004750176484,5.856246961012769,85.62287501764843
July final,6-8,2.0,Charge,True,0.5318272262123322,53.760116685264734,-29.24974966503394,53.760116685264734,-29.24974966503394,53.186787661786624,1.5077586,1.5477004750176484,2.649089517224332,39.94187501764834
July final,6-5,0.5,Discharge,True,0.8753541023479983,55.98469945626817,43.5253636078007,55.98469945626817,43.5253636078007,54.05155033488535,2.2897203,2.3062903826642134,0.7236727850215351,16.570082664213448
July final,6-6,0.5,Discharge,True,0.8586874356813325,54.15708098408127,41.8235347367574,54.15708098408127,41.8235347367574,52.11867112061244,2.2903671,2.3062903826642134,0.695228405272381,15.923282664213279
July final,6-8,0.5,Discharge,True,0.892020769014664,51.04852156933053,37.94075421972217,51.04852156933053,37.94075421972217,48.780683683980186,2.2897484,2.3062903826642134,0.7224366949754502,16.54198266421325
July final,6-5,1.0,Discharge,True,0.832349246800014,65.37397542162098,52.31569272345479,65.37397542162098,52.31569272345479,62.97405134586932,2.2603984,2.2919195381804838,1.3944948014687866,31.521138180483632
July final,6-6,1.0,Discharge,True,0.8156825801333483,62.89487444826722,49.57937540708078,62.89487444826722,49.57937540708078,60.41016028429982,2.2609308,2.2919195381804838,1.3706186045359567,30.988738180483644
July final,6-8,1.0,Discharge,True,0.7823492468000168,57.22384319911423,43.09333061283465,57.22384319911423,43.09333061283465,54.58469593640706,2.2625206,2.2919195381804838,1.29938875166412,29.398938180483558
July final,6-5,2.0,Discharge,True,0.34443357601951874,42.43247216726312,37.208485688388,42.43247216726312,37.208485688388,41.94829997248954,2.2148011,2.24027047374895,1.149962122962202,25.469373748950197
July final,6-6,2.0,Discharge,True,0.34443357601951874,40.6380862484153,35.254587371889635,40.6380862484153,35.254587371889635,40.09021612493145,2.2142754,2.24027047374895,1.1739765409916965,25.99507374895005
July final,6-8,2.0,Discharge,True,0.2777669093528523,31.362992385346345,24.109711299569526,31.362992385346345,24.109711299569526,30.60201047508452,2.2188985,2.24027047374895,0.9631794220848844,21.371973748950168
kn=2.59e-7,6-5,0.5,Charge,False,-7.046712716155014,38.63135398871245,18.890516651334643,,,36.5953080846085,2.1426725,2.0088973391840854,-6.24337880921675,-133.77516081591477
kn=2.59e-7,6-6,0.5,Charge,False,-7.1967127161550195,38.944249238763994,20.353386279821695,,,37.119049566964016,2.1458557,2.0088973391840854,-6.382459026294937,-136.9583608159144
kn=2.59e-7,6-8,0.5,Charge,False,-7.380046049488342,40.343004215212794,22.86497182883241,,,38.42058082047542,2.1492388,2.0088973391840854,-6.529821665973766,-140.3414608159146
kn=2.59e-7,6-5,1.0,Charge,False,-3.512459438172712,52.824949189171804,32.10300939524828,,,52.00513061902553,1.899352,1.7658570640030737,-7.028446333113935,-133.4949359969262
kn=2.59e-7,6-6,1.0,Charge,False,-3.762459438172712,54.588586214128085,35.14328830180402,,,53.7511941512774,1.9087741,1.7658570640030737,-7.48737296869893,-142.9170359969263
kn=2.59e-7,6-8,1.0,Charge,False,-4.062459438172709,58.10352438018725,40.549729017564026,,,57.22480299914702,1.9197487,1.7658570640030737,-8.016238583567018,-153.89163599692623
kn=2.59e-7,6-5,2.0,Charge,False,-2.34186766816984,66.02566124710341,45.80236348416923,,,64.77332431221372,1.4615742,1.283708486229635,-12.169461787869885,-177.86571377036498
kn=2.59e-7,6-6,2.0,Charge,False,-2.34186766816984,67.31191011476018,47.90013698974345,,,66.09091736954888,1.4620776,1.283708486229635,-12.199702243599445,-178.36911377036492
kn=2.59e-7,6-8,2.0,Charge,False,-2.941867668169838,75.65660500135485,57.457683869229115,,,74.37144218004492,1.5077586,1.283708486229635,-14.85981335277179,-224.050113770365
kn=2.59e-7,6-5,0.5,Discharge,True,0.4845756571476443,36.16245661010535,-14.545087807336879,36.16245661010535,-14.545087807336879,34.72351978734854,2.2897203,2.2988661008686835,0.399428736718784,9.145800868683551
kn=2.59e-7,6-6,0.5,Discharge,True,0.46790899048097856,36.157114692077826,-16.250140192297827,36.157114692077826,-16.250140192297827,34.73105719251888,2.2903671,2.2988661008686835,0.37107592353572405,8.499000868683382
kn=2.59e-7,6-8,0.5,Discharge,True,0.50124232381431,37.78404595341741,-20.126469394706774,37.78404595341741,-20.126469394706774,36.342296693117206,2.2897484,2.2988661008686835,0.3981966258250624,9.117700868683354
kn=2.59e-7,6-5,1.0,Discharge,True,0.5366650311941612,44.262130234706916,-20.158226093715577,44.262130234706916,-20.158226093715577,42.236160457573384,2.2603984,2.280683912520801,0.8974308476240647,20.285512520800797
kn=2.59e-7,6-6,1.0,Discharge,True,0.5199983645274955,45.115049920525195,-22.897883000304738,45.115049920525195,-22.897883000304738,43.19299775844855,2.2609308,2.280683912520801,0.8736716984350343,19.75311252080081
kn=2.59e-7,6-8,1.0,Discharge,True,0.48666503119416404,47.888019022504146,-29.39055644660558,47.888019022504146,-29.39055644660558,46.20621599402913,2.2625206,2.280683912520801,0.8027910340706167,18.163312520800723
kn=2.59e-7,6-5,2.0,Discharge,False,-0.11983553287371151,47.327849822071876,-41.915228549423865,,,46.215686831119335,2.2148011,2.204986648494289,-0.44313015311898807,-9.81445150571103
kn=2.59e-7,6-6,2.0,Discharge,False,-0.11983553287371151,48.964867885338904,-43.870297723803596,,,47.93968528211222,2.2142754,2.204986648494289,-0.4194939575136489,-9.28875150571118
kn=2.59e-7,6-8,2.0,Discharge,False,-0.18650219954037794,59.06194481022574,-55.070837842051404,,,58.13340582752656,2.2188985,2.204986648494289,-0.6269710627012033,-13.91185150571106
