Parameter,Sensitivity_norm,Relative_sensitivity,Scale_eps,N_points,Brugg_abs_delta
Dsn,0.038424579208437726,0.2749183876093436,0.02,100,0.1
Dsp,0.0031077161152928846,0.022234942351074087,0.02,100,0.1
kn,0.13976722162010743,1.0,0.02,100,0.1
kp,0.13721215951138838,0.9817191607652915,0.02,100,0.1
brugg_n,0.10721186288677859,0.7670744373683299,0.02,100,0.1
Dsn,0.06242046318906952,0.28353367179097594,0.02,250,0.1
Dsp,0.0051669806079941115,0.02347007550103984,0.02,250,0.1
kn,0.22015185284619934,1.0,0.02,250,0.1
kp,0.21627346916839502,0.9823831431456822,0.02,250,0.1
brugg_n,0.16989335444756656,0.7717098550438094,0.02,250,0.1
Dsn,0.08833882085800315,0.28396531951515896,0.02,500,0.1
Dsp,0.0073616952100378765,0.023664184241850596,0.02,500,0.1
kn,0.3110901747045464,1.0,0.02,500,0.1
kp,0.30566768125250127,0.9825693837576353,0.02,500,0.1
brugg_n,0.24031453959865065,0.7724915768454791,0.02,500,0.1
Dsn,0.03854114440879245,0.2755048618802152,0.05,100,0.1
Dsp,0.0030989876098376653,0.022152589564051674,0.05,100,0.1
kn,0.1398927922569638,1.0,0.05,100,0.1
kp,0.13736208371541583,0.9819096573832096,0.05,100,0.1
brugg_n,0.10721186288677859,0.7663858956353173,0.05,100,0.1
Dsn,0.06256088583918934,0.283907648107243,0.05,250,0.1
Dsp,0.005163092390624419,0.023430637177204908,0.05,250,0.1
kn,0.22035646540792606,1.0,0.05,250,0.1
kp,0.21651093814946254,0.9825486070883165,0.05,250,0.1
brugg_n,0.16989335444756656,0.770993281876519,0.05,250,0.1
Dsn,0.08854772180477373,0.2843743892192315,0.05,500,0.1
Dsp,0.007351287197215561,0.023608939496968843,0.05,500,0.1
kn,0.31137727292491874,1.0,0.05,500,0.1
kp,0.30600181652647235,0.9827365165480701,0.05,500,0.1
brugg_n,0.24031453959865065,0.7717793188348618,0.05,500,0.1
Dsn,0.03872402477419566,0.27591466110168994,0.1,100,0.1
Dsp,0.00312001597303543,0.022230595989226196,0.1,100,0.1
kn,0.14034783298421283,1.0,0.1,100,0.1
kp,0.1378377096498335,0.9821149833167593,0.1,100,0.1
brugg_n,0.10721186288677859,0.7639010920734232,0.1,100,0.1
Dsn,0.06284256629222638,0.28425442882183766,0.1,250,0.1
Dsp,0.005189028749331537,0.023471422163480114,0.1,250,0.1
kn,0.2210785828480944,1.0,0.1,250,0.1
kp,0.21726603893386212,0.9827548020929195,0.1,250,0.1
brugg_n,0.16989335444756656,0.7684749569988976,0.1,250,0.1
Dsn,0.08894981138640842,0.28473185534044604,0.1,500,0.1
Dsp,0.007388315196357053,0.023650288414441768,0.1,500,0.1
kn,0.312398524148461,1.0,0.1,500,0.1
kp,0.30707205645689395,0.9829497667887965,0.1,500,0.1
brugg_n,0.24031453959865065,0.7692563217246382,0.1,500,0.1
